game_id,time_control,num_plies,white_s_att,black_s_att,white_lgbm_a0g,black_lgbm_a0g,white_detector_a3g_seed0,black_detector_a3g_seed0,white_cnn_bilstm_a4,black_cnn_bilstm_a4
2019-01_game_0010315,bullet,45,197.8945,221.3249,0.51472,0.570712,0.410624,0.192265,0.576518,0.187083
2019-02_game_0002677,bullet,44,183.1545,213.5548,0.45548,0.366333,0.084844,0.103734,0.212808,0.197408
2023-05_game_0020633,bullet,28,99.0977,80.5156,0.446358,0.402196,0.090889,0.376098,0.210176,0.513617
2023-05_game_0029370,bullet,89,202.1948,221.0735,0.646246,0.40334,0.555508,0.425351,0.551267,0.598514
2019-05_game_0015582,bullet,43,82.8982,93.9727,0.684288,0.401085,0.553905,0.202863,0.503803,0.232605
2019-06_game_0015350,bullet,66,175.2855,181.6378,0.374427,0.56337,0.360811,0.195912,0.261686,0.444155
2019-05_game_0006498,bullet,46,260.7238,283.0345,0.373718,0.436234,0.178602,0.196204,0.274944,0.266136
2019-02_game_0006927,bullet,39,93.5684,117.1672,0.300384,0.263454,0.183333,0.274727,0.601774,0.256978
2023-05_game_0006257,bullet,74,228.9601,272.1514,0.365596,0.563993,0.246043,0.464286,0.404628,0.627368
2019-05_game_0015163,bullet,62,170.5574,167.9474,0.367844,0.593717,0.215739,0.596615,0.454196,0.553989
2019-03_game_0026648,bullet,59,37.4191,37.7692,0.484073,0.677424,0.623568,0.206725,0.424158,0.241125
2019-05_game_0021403,bullet,52,434.6163,473.2313,0.437082,0.517385,0.278854,0.781027,0.315739,0.746267
2019-06_game_0014369,bullet,67,125.8416,83.5489,0.738076,0.380731,0.297276,0.31764,0.588821,0.3883
2019-05_game_0029862,bullet,63,122.1592,198.6378,0.672838,0.400407,0.910496,0.194173,0.608202,0.193542
2019-06_game_0007584,bullet,21,201.3104,197.4731,0.167841,0.098771,0.059228,0.034835,0.404266,0.225464
2019-05_game_0005671,bullet,86,453.0037,358.3485,0.781066,0.365747,0.473925,0.377005,0.509497,0.59253
2019-02_game_0008415,bullet,64,255.1673,120.0418,0.469119,0.412465,0.369849,0.372557,0.156814,0.277117
2019-01_game_0012714,bullet,44,131.1266,168.1893,0.508114,0.775008,0.141449,0.598028,0.163462,0.610366
2023-05_game_0009334,bullet,39,330.9562,349.7207,0.770556,0.380246,0.549828,0.1743,0.496604,0.330514
2019-01_game_0009984,bullet,71,206.3916,205.9256,0.801206,0.350706,0.367147,0.269295,0.692553,0.289543
2019-03_game_0015797,bullet,43,53.8892,42.4481,0.398561,0.34715,0.293581,0.205529,0.598516,0.117328
2019-03_game_0011394,bullet,100,259.8529,337.8867,0.537097,0.470739,0.495064,0.36479,0.705721,0.532451
2019-01_game_0018250,bullet,90,132.6155,137.4344,0.677998,0.37771,0.270889,0.497157,0.258328,0.318209
2019-01_game_0012375,bullet,46,159.8813,132.8306,0.353095,0.810203,0.182098,0.746637,0.364236,0.293439
2019-03_game_0016883,bullet,94,140.8377,135.2887,0.354394,0.571146,0.412599,0.43717,0.368506,0.531949
2019-04_game_0003774,bullet,67,190.0898,133.2899,0.363611,0.792733,0.517832,0.268253,0.390128,0.426422
2019-01_game_0029939,bullet,58,277.3529,241.0326,0.37977,0.625936,0.264636,0.316012,0.226528,0.566332
2019-02_game_0018140,bullet,41,158.3792,161.2452,0.638462,0.459703,0.300234,0.199335,0.59204,0.189151
2019-04_game_0004407,bullet,38,155.5497,187.2272,0.173936,0.186436,0.093781,0.166883,0.279105,0.385889
2019-03_game_0021695,bullet,59,115.5122,161.8887,0.774678,0.34963,0.814929,0.161763,0.581388,0.194899
2019-06_game_0007339,bullet,69,327.7923,629.9176,0.701323,0.365103,0.557891,0.232078,0.764127,0.638795
2019-04_game_0022190,bullet,51,267.9272,287.5785,0.665146,0.407966,0.669821,0.174473,0.830466,0.172277
2019-02_game_0007387,bullet,42,181.6809,198.7392,0.4542,0.485798,0.183125,0.862072,0.167698,0.550266
2019-06_game_0005810,bullet,62,33.5974,36.2934,0.443901,0.497985,0.358458,0.459378,0.163633,0.361572
2019-03_game_0029128,bullet,68,185.7185,217.9617,0.437982,0.382422,0.295942,0.271185,0.396565,0.35433
2019-02_game_0018386,bullet,45,524.5661,255.1414,0.488499,0.555557,0.599645,0.20844,0.644341,0.247151
2019-06_game_0011288,bullet,100,290.4603,186.1241,0.424847,0.702629,0.400822,0.628562,0.450076,0.656408
2019-04_game_0025451,bullet,37,136.6822,124.7272,0.818035,0.318041,0.323733,0.155768,0.406537,0.2708
2019-04_game_0029338,bullet,87,64.6145,73.1738,0.835911,0.505434,0.62331,0.267709,0.762195,0.632376
2019-01_game_0009093,bullet,55,187.6215,354.0944,0.863215,0.332519,0.740317,0.209833,0.80212,0.32209
2019-04_game_0029805,bullet,66,202.591,154.8967,0.320224,0.80473,0.344166,0.45605,0.215195,0.808609
2019-02_game_0001575,bullet,34,302.6335,323.9914,0.399729,0.545355,0.105633,0.604306,0.164667,0.582646
2019-06_game_0027798,bullet,100,146.9263,158.8269,0.563011,0.587847,0.497008,0.380277,0.48592,0.472283
2019-01_game_0008420,bullet,70,207.3288,155.9123,0.423975,0.812273,0.178608,0.952494,0.240489,0.720958
2019-03_game_0000378,bullet,49,112.0833,148.8839,0.470077,0.489807,0.791413,0.179152,0.830302,0.234605
2019-03_game_0013430,bullet,83,516.3918,575.3669,0.369447,0.778456,0.401374,0.381232,0.808581,0.519382
2019-01_game_0027951,bullet,51,269.6898,263.9061,0.627967,0.763767,0.265502,0.610414,0.652853,0.484648
2019-03_game_0029237,bullet,86,318.943,315.4103,0.367854,0.533088,0.429583,0.551029,0.50491,0.661686
2019-01_game_0012046,bullet,61,151.0384,128.604,0.760999,0.317805,0.844754,0.193982,0.613051,0.277411
2019-01_game_0009769,bullet,94,366.1423,342.8043,0.467912,0.363391,0.426358,0.311864,0.543653,0.667506
2023-05_game_0022499,bullet,55,279.7118,147.626,0.587679,0.567208,0.255186,0.436826,0.325133,0.178205
2019-04_game_0005754,bullet,22,161.5788,172.0379,0.246786,0.237563,0.041108,0.294469,0.157549,0.302564
2019-04_game_0011416,bullet,56,120.7483,135.0438,0.407659,0.695371,0.400035,0.354953,0.182945,0.260278
2019-03_game_0028006,bullet,84,110.6837,132.1545,0.546129,0.68587,0.191679,0.973001,0.478595,0.572191
2023-05_game_0025680,bullet,53,71.5949,75.2285,0.325615,0.716668,0.248562,0.410909,0.436939,0.154758
2019-02_game_0004065,bullet,65,571.9064,555.2437,0.389889,0.419096,0.772694,0.264844,0.874993,0.324611
2023-05_game_0020396,bullet,100,285.2557,289.2122,0.562813,0.403394,0.67921,0.384708,0.520615,0.614969
2023-05_game_0028630,bullet,49,475.6027,797.6955,0.630796,0.34279,0.310027,0.183242,0.823025,0.302391
2019-04_game_0003741,bullet,100,369.4764,430.331,0.418568,0.572159,0.316161,0.917053,0.53526,0.558583
2019-03_game_0012640,bullet,59,56.4362,56.1323,0.810841,0.354622,0.588411,0.198019,0.690639,0.209175
2019-02_game_0025638,bullet,56,164.948,179.4194,0.485048,0.500989,0.275626,0.381778,0.198509,0.607187
2019-06_game_0002094,bullet,62,254.6047,328.824,0.522575,0.674817,0.183743,0.962043,0.220217,0.546269
2019-01_game_0011893,bullet,24,72.1664,198.5775,0.427075,0.342255,0.060429,0.307316,0.155381,0.443782
2023-05_game_0008952,bullet,42,240.398,259.6121,0.43511,0.54202,0.176962,0.911541,0.307783,0.184298
2019-03_game_0000352,bullet,31,233.1315,232.692,0.329728,0.323672,0.275616,0.204725,0.177772,0.127142
2019-02_game_0018429,bullet,52,361.1736,324.1498,0.271064,0.209895,0.180604,0.188893,0.159145,0.566697
2019-05_game_0008870,bullet,75,421.7106,539.1445,0.82263,0.437954,0.595067,0.209744,0.692603,0.254785
2019-06_game_0008711,bullet,85,141.4043,151.6662,0.777505,0.383263,0.529018,0.301243,0.827903,0.459334
2019-05_game_0023013,bullet,75,519.9512,524.0374,0.434376,0.459502,0.463088,0.36392,0.808555,0.831791
2019-05_game_0026839,bullet,73,224.7753,382.1417,0.374426,0.637161,0.197002,0.73153,0.330625,0.245716
2019-06_game_0001270,bullet,98,229.5632,297.7901,0.469984,0.469919,0.399936,0.602702,0.555091,0.693772
2019-03_game_0007696,bullet,57,741.2425,797.832,0.689574,0.418333,0.789404,0.302337,0.570377,0.298462
2019-01_game_0023554,bullet,100,116.9825,259.1442,0.435798,0.530518,0.367333,0.440592,0.20561,0.487402
2019-03_game_0012152,bullet,28,379.258,469.174,0.33594,0.562501,0.107725,0.223046,0.206931,0.24883
2019-05_game_0005045,bullet,55,106.0709,162.245,0.453832,0.822284,0.19574,0.589678,0.792787,0.292715
2019-04_game_0002638,bullet,40,120.3657,129.7464,0.509883,0.554789,0.154615,0.43942,0.228788,0.523166
2019-02_game_0015664,bullet,47,416.4841,484.6776,0.727955,0.403362,0.80095,0.143235,0.467,0.217852
2019-06_game_0021637,bullet,100,236.382,208.2129,0.391857,0.589324,0.560189,0.565006,0.4047,0.328653
2019-02_game_0006659,bullet,100,481.2479,538.2395,0.527144,0.555883,0.449346,0.583851,0.691134,0.612772
2019-04_game_0002928,bullet,43,154.1606,145.8107,0.537181,0.577325,0.157387,0.153692,0.555284,0.215793
2023-05_game_0007620,bullet,79,155.5787,152.1477,0.85239,0.423616,0.887081,0.271187,0.720331,0.402579
2019-04_game_0026066,bullet,21,370.0697,458.9547,0.230221,0.102271,0.083674,0.051023,0.48537,0.214037
2019-03_game_0003731,bullet,100,372.9324,347.7271,0.542883,0.547459,0.637938,0.37143,0.259822,0.344245
2019-05_game_0022629,bullet,84,116.8411,117.6389,0.402286,0.358531,0.356833,0.385218,0.527895,0.59472
2019-05_game_0002203,bullet,100,197.7684,216.3583,0.546554,0.407996,0.518731,0.348193,0.412538,0.630926
2019-04_game_0004773,bullet,56,386.6726,380.3636,0.335051,0.744764,0.177589,0.790926,0.320583,0.823264
2019-06_game_0024143,bullet,67,113.2718,112.9788,0.626579,0.442484,0.141586,0.421896,0.411769,0.224844
2019-01_game_0014485,bullet,52,267.7867,126.9142,0.437036,0.714489,0.20833,0.378259,0.270308,0.93675
2019-05_game_0020215,bullet,98,363.9325,428.7244,0.38863,0.670038,0.348192,0.876199,0.458143,0.512042
2019-02_game_0006553,bullet,46,60.529,106.1858,0.441147,0.600529,0.166543,0.249962,0.127558,0.474979
2019-01_game_0015300,bullet,78,190.7197,363.3374,0.557639,0.545894,0.1889,0.958652,0.439035,0.627679
2019-04_game_0007714,bullet,50,598.9689,504.879,0.481687,0.471934,0.228292,0.249512,0.246214,0.561968
2019-03_game_0016748,bullet,53,289.1391,417.9124,0.663453,0.37647,0.714424,0.247548,0.476374,0.150662
2019-01_game_0026509,bullet,100,177.34,196.5836,0.57407,0.416651,0.590682,0.428065,0.451584,0.522731
2023-05_game_0001896,bullet,43,392.673,409.8647,0.588039,0.459377,0.785961,0.27214,0.597469,0.215582
2019-04_game_0028927,bullet,39,117.4046,142.7124,0.657694,0.49153,0.310593,0.213888,0.282021,0.553078
2019-03_game_0023181,bullet,91,81.6484,136.429,0.551185,0.457267,0.581064,0.289974,0.367826,0.391148
2023-05_game_0003764,bullet,99,95.6353,185.8937,0.675557,0.371014,0.542371,0.313513,0.592126,0.390826
2019-06_game_0009177,bullet,26,422.0245,303.0092,0.215715,0.205007,0.06169,0.135338,0.269415,0.63342
2019-05_game_0012166,bullet,100,606.9423,571.8138,0.569184,0.49213,0.400946,0.579728,0.680795,0.696952
2019-05_game_0014228,bullet,100,471.2712,379.0018,0.578223,0.425075,0.491453,0.402556,0.638844,0.64851
2019-06_game_0027264,bullet,35,129.4769,296.9952,0.60235,0.469739,0.602648,0.12853,0.663429,0.230257
2019-05_game_0007219,bullet,100,682.6716,801.7886,0.379105,0.371312,0.372056,0.322289,0.285917,0.426842
2019-04_game_0010571,bullet,92,264.1897,153.8116,0.394528,0.588256,0.298242,0.407787,0.479812,0.604129
2019-04_game_0028411,bullet,36,191.2432,317.9541,0.313869,0.414738,0.147812,0.629923,0.157121,0.377002
2019-05_game_0010305,bullet,88,212.2195,234.4379,0.392047,0.638817,0.259418,0.852711,0.354782,0.696553
2023-05_game_0026493,bullet,84,308.9103,318.3553,0.560904,0.381678,0.671586,0.390693,0.173316,0.508265
2019-06_game_0007751,bullet,77,185.5298,187.5729,0.667077,0.36446,0.330455,0.299303,0.605371,0.356079
2019-01_game_0027204,bullet,100,323.1752,345.5917,0.509013,0.410134,0.413454,0.354557,0.34131,0.400627
2019-06_game_0005700,bullet,80,263.8318,257.6104,0.371616,0.464067,0.274581,0.842673,0.147579,0.638516
2023-05_game_0024613,bullet,41,362.6809,389.8625,0.612531,0.404312,0.264384,0.198605,0.55947,0.133179
2019-01_game_0023919,bullet,86,226.7387,208.4618,0.297925,0.748386,0.347381,0.88072,0.622873,0.548155
2019-04_game_0003044,bullet,65,304.277,289.3391,0.643996,0.571126,0.211894,0.259907,0.589519,0.197351
2019-03_game_0004225,bullet,62,386.4348,299.9264,0.423588,0.534768,0.328589,0.338635,0.460496,0.896286
2019-01_game_0025144,bullet,55,249.8828,444.4651,0.581395,0.46926,0.703466,0.250229,0.674521,0.225892
2023-05_game_0008548,bullet,100,120.4801,158.0145,0.556016,0.383351,0.510519,0.357186,0.39028,0.290494
2019-02_game_0021401,bullet,55,278.8408,304.4211,0.602524,0.310756,0.20377,0.334466,0.6445,0.385383
2019-04_game_0015546,bullet,57,92.1771,94.7343,0.636522,0.44838,0.264714,0.416618,0.511503,0.68751
2019-03_game_0015440,bullet,33,379.6205,256.9396,0.500909,0.424077,0.127065,0.071402,0.394367,0.179145
2019-05_game_0020505,bullet,48,133.1555,118.6191,0.467748,0.437644,0.207468,0.338182,0.192052,0.256736
2019-06_game_0028930,bullet,44,92.377,92.3719,0.22419,0.597301,0.179124,0.724343,0.727,0.321794
2023-05_game_0002866,bullet,100,133.8891,117.9168,0.503304,0.533505,0.355569,0.399655,0.557046,0.55442
2019-05_game_0010660,bullet,100,147.3424,153.2096,0.437685,0.471048,0.520419,0.405238,0.395979,0.558288
2023-05_game_0001915,bullet,66,215.7266,238.7581,0.801805,0.356012,0.434796,0.346234,0.266237,0.747086
2019-01_game_0005449,bullet,65,162.8112,196.9961,0.740747,0.353228,0.959925,0.187116,0.675211,0.174104
2019-01_game_0014515,bullet,100,482.4839,402.5162,0.681205,0.513703,0.738431,0.42249,0.482232,0.54385
2019-02_game_0022235,bullet,93,84.0493,87.8256,0.754696,0.3606,0.657543,0.289595,0.889574,0.730374
2019-05_game_0018823,bullet,61,138.9415,131.4287,0.47206,0.62317,0.422779,0.295392,0.579439,0.275523
2019-01_game_0028991,bullet,27,220.0144,176.9123,0.500941,0.505584,0.633865,0.083693,0.730885,0.320833
2019-05_game_0017386,bullet,87,120.7939,120.5856,0.68913,0.469841,0.383545,0.520437,0.605919,0.55068
2019-02_game_0026622,bullet,51,276.2336,280.7639,0.846591,0.442492,0.427034,0.188988,0.729998,0.30892
2019-02_game_0014541,bullet,70,736.9802,680.7978,0.41931,0.440473,0.292689,0.291737,0.343564,0.315577
2019-04_game_0015516,bullet,65,100.2106,87.8233,0.600082,0.397278,0.30724,0.414935,0.508078,0.396574
2019-02_game_0015129,bullet,35,213.669,112.7728,0.483586,0.48788,0.703916,0.155363,0.545934,0.211143
2019-03_game_0008606,bullet,79,331.42,293.9495,0.563492,0.432304,0.907968,0.324075,0.699318,0.534438
2019-02_game_0019628,bullet,80,861.1163,843.9191,0.377662,0.641473,0.304586,0.767908,0.464707,0.706684
2019-01_game_0008603,bullet,88,86.4132,89.8864,0.393366,0.814586,0.261844,0.96869,0.624952,0.66217
2019-05_game_0009639,bullet,46,234.3119,254.7126,0.451282,0.466095,0.177492,0.673379,0.117041,0.653433
2019-02_game_0016533,bullet,100,259.3377,340.9949,0.441008,0.595491,0.372487,0.640184,0.552965,0.605835
2023-05_game_0026670,bullet,39,246.2763,280.0145,0.44602,0.467295,0.187492,0.153397,0.535926,0.215884
2019-06_game_0019905,bullet,49,283.912,308.4166,0.52504,0.503487,0.56133,0.164402,0.685471,0.259472
2019-02_game_0023440,bullet,65,121.6923,128.1575,0.654178,0.374519,0.317646,0.351178,0.703916,0.357691
2019-02_game_0020455,bullet,71,229.0869,275.9851,0.470105,0.418826,0.548732,0.247634,0.518692,0.57058
2023-05_game_0019362,bullet,59,176.8272,157.6398,0.772988,0.3732,0.903026,0.180095,0.633877,0.339713
2023-05_game_0026076,bullet,81,197.4846,198.524,0.773191,0.355519,0.55819,0.286432,0.647509,0.517519
2023-05_game_0023075,bullet,100,128.2428,102.684,0.613666,0.476819,0.537886,0.34638,0.504959,0.45393
2023-05_game_0027159,bullet,43,301.0262,282.7371,0.330274,0.822028,0.275087,0.221805,0.587068,0.210268
2023-05_game_0012788,bullet,42,182.7907,254.7084,0.389323,0.498805,0.198636,0.135192,0.239535,0.248087
2019-04_game_0023757,bullet,100,145.6195,158.9729,0.603216,0.427807,0.409929,0.440825,0.655587,0.771521
2019-05_game_0026556,bullet,30,182.9902,151.284,0.412736,0.33026,0.209914,0.407247,0.107462,0.591348
2019-02_game_0029257,bullet,99,126.604,224.5232,0.42726,0.575786,0.494228,0.492836,0.482848,0.494229
2019-01_game_0029505,bullet,47,393.6729,702.1415,0.681081,0.400564,0.845708,0.19018,0.709836,0.300012
2019-02_game_0029292,bullet,48,432.9367,401.7422,0.220245,0.249681,0.303566,0.251362,0.300969,0.654263
2019-04_game_0015897,bullet,91,183.59,515.8503,0.416371,0.561454,0.362069,0.412496,0.494721,0.469794
2023-05_game_0024464,bullet,39,105.9881,139.1686,0.451678,0.518206,0.238417,0.201616,0.648954,0.243709
2019-03_game_0023090,bullet,72,129.2515,195.2666,0.334171,0.700427,0.268235,0.875376,0.335841,0.338797
2019-02_game_0006791,bullet,52,290.8846,240.2,0.428222,0.610235,0.250832,0.730357,0.221324,0.577571
2019-05_game_0028827,bullet,100,350.5943,276.4895,0.474848,0.44894,0.5703,0.504994,0.478916,0.472385
2019-03_game_0007898,bullet,61,116.0502,122.2584,0.315824,0.769186,0.426243,0.238624,0.574488,0.273428
2019-01_game_0007802,bullet,100,386.311,372.7411,0.541087,0.525865,0.324298,0.532109,0.281381,0.451412
2019-05_game_0016503,bullet,95,153.8416,47.6995,0.682014,0.412936,0.518259,0.446795,0.76432,0.52153
2019-04_game_0005353,bullet,90,285.1247,259.8857,0.628379,0.751667,0.331432,0.61542,0.81181,0.886557
2019-05_game_0023219,bullet,98,54.5218,61.9753,0.67722,0.450734,0.402767,0.361385,0.527656,0.558292
2019-06_game_0018215,bullet,61,91.7621,105.0417,0.389492,0.475969,0.244991,0.268819,0.5544,0.247764
2019-01_game_0027507,bullet,58,348.3603,298.2775,0.537248,0.397966,0.531264,0.311297,0.248655,0.454776
2019-04_game_0007116,bullet,42,217.7194,213.5045,0.533241,0.561637,0.17321,0.53295,0.272542,0.720238
2019-02_game_0005367,bullet,82,142.9675,190.7479,0.396825,0.518728,0.328033,0.554225,0.353618,0.771998
2019-05_game_0010220,bullet,38,288.3716,234.3476,0.583835,0.689836,0.173926,0.320518,0.151159,0.448973
2019-01_game_0023057,bullet,86,95.1186,90.4661,0.763408,0.409648,0.460555,0.337575,0.611143,0.501825
2019-02_game_0024861,bullet,72,410.0984,437.7437,0.406678,0.585832,0.592594,0.303073,0.2243,0.566901
2019-05_game_0016940,bullet,59,118.7453,117.4108,0.831813,0.315402,0.853809,0.188895,0.559072,0.281635
2019-06_game_0019547,bullet,66,330.7409,332.0593,0.35018,0.633171,0.338901,0.487716,0.417732,0.754317
2019-06_game_0011726,bullet,65,251.5069,289.8518,0.64578,0.36958,0.732489,0.217047,0.485748,0.157587
2019-03_game_0011475,bullet,58,127.1925,128.9335,0.436733,0.61541,0.276767,0.346749,0.236631,0.494264
2019-05_game_0027680,bullet,81,129.6692,127.937,0.365109,0.740408,0.389275,0.398136,0.640582,0.334042
2019-02_game_0005301,bullet,46,126.932,200.4771,0.197171,0.233624,0.209182,0.170279,0.232147,0.116298
2019-03_game_0022824,bullet,100,153.7319,79.9935,0.444395,0.74618,0.368765,0.697993,0.550611,0.651403
2019-02_game_0020153,bullet,22,254.0486,272.5929,0.18789,0.238122,0.048711,0.154792,0.300263,0.446407
2019-01_game_0027989,bullet,74,140.4929,127.8904,0.393374,0.654107,0.424654,0.283741,0.243252,0.559443
2023-05_game_0027854,bullet,100,130.568,150.293,0.523937,0.592239,0.399352,0.504224,0.575002,0.671996
2019-06_game_0029600,bullet,61,185.3795,169.0583,0.393071,0.603014,0.304224,0.256716,0.711381,0.313018
2019-06_game_0020062,bullet,42,250.5355,248.9719,0.530427,0.574629,0.173968,0.894492,0.185241,0.537426
2019-03_game_0001953,bullet,26,140.3925,111.5146,0.254693,0.252171,0.065807,0.074217,0.317938,0.631391
2019-01_game_0000668,bullet,60,332.7724,130.5531,0.387104,0.614401,0.276136,0.372803,0.186323,0.535075
2023-05_game_0002226,bullet,79,128.0211,393.5632,0.355817,0.753478,0.337863,0.448352,0.715601,0.341382
2019-02_game_0005787,bullet,67,64.1935,63.6089,0.371766,0.758693,0.271756,0.278333,0.668638,0.637113
2019-03_game_0009669,bullet,58,199.2043,92.3609,0.354021,0.760556,0.243368,0.401043,0.142613,0.452882
2019-06_game_0023670,bullet,48,225.9821,237.2826,0.465439,0.679858,0.218996,0.236189,0.212045,0.680206
2019-03_game_0029820,bullet,85,211.6983,265.2504,0.324458,0.63441,0.304998,0.432652,0.689193,0.304601
2019-04_game_0026615,bullet,70,146.6001,137.5543,0.387024,0.515356,0.236573,0.837271,0.296445,0.689831
2019-02_game_0020581,bullet,100,127.7523,100.0222,0.425495,0.616563,0.380143,0.561859,0.708826,0.710008
2019-03_game_0021887,bullet,75,165.8746,86.9498,0.79906,0.356599,0.664124,0.266047,0.600431,0.455913
2019-04_game_0001611,bullet,32,70.3987,87.4949,0.490028,0.415436,0.111213,0.202406,0.202698,0.548716
2019-01_game_0024620,bullet,68,273.885,409.7992,0.387183,0.545751,0.351287,0.414869,0.202221,0.834678
2019-03_game_0027695,bullet,45,122.6192,191.7659,0.398665,0.468556,0.142821,0.119485,0.737434,0.476043
2019-06_game_0014159,bullet,52,143.2425,95.8281,0.403217,0.667402,0.29299,0.313161,0.252422,0.586502
2019-06_game_0016371,bullet,55,76.5463,161.8849,0.456397,0.665379,0.790713,0.213377,0.729547,0.408553
2019-03_game_0018662,bullet,31,517.244,527.387,0.423825,0.387576,0.13256,0.089491,0.606049,0.312234
2019-04_game_0017866,bullet,23,417.1505,303.2619,0.150662,0.100448,0.054833,0.047392,0.18917,0.236814
2019-01_game_0019069,bullet,84,245.2894,265.373,0.470273,0.408351,0.313963,0.779288,0.196022,0.513755
2023-05_game_0005649,bullet,44,425.7678,470.3914,0.654188,0.475706,0.214168,0.200315,0.26871,0.803331
2019-01_game_0019142,bullet,72,320.173,406.9257,0.354631,0.827113,0.365982,0.466571,0.605156,0.843428
2019-02_game_0022303,bullet,42,154.8206,158.3018,0.404058,0.44568,0.148091,0.170928,0.614566,0.485312
2019-02_game_0028673,bullet,100,135.3229,138.9524,0.526775,0.624919,0.458498,0.609395,0.467859,0.63202
2023-05_game_0016018,bullet,83,305.9471,258.8321,0.810273,0.338986,0.853358,0.274585,0.929706,0.829022
2019-05_game_0028467,bullet,73,130.838,132.5654,0.677321,0.432396,0.373569,0.513734,0.640073,0.217126
2019-03_game_0002419,bullet,58,58.3878,144.6635,0.318059,0.731219,0.258989,0.258796,0.332255,0.803659
2019-04_game_0021857,bullet,100,401.0924,375.3818,0.432322,0.523534,0.361883,0.463109,0.594683,0.523851
2019-06_game_0029376,bullet,61,92.7252,96.8539,0.614665,0.325697,0.143025,0.578676,0.425189,0.273949
2019-02_game_0013974,bullet,100,364.2359,353.3523,0.4639,0.431068,0.346315,0.578699,0.45343,0.619445
2019-06_game_0028124,bullet,97,172.0778,301.5569,0.755124,0.410352,0.738441,0.358102,0.762361,0.531489
2023-05_game_0029847,bullet,46,151.3033,158.9434,0.397938,0.537581,0.239309,0.785987,0.151028,0.500804
2019-03_game_0021342,bullet,39,223.3454,223.9784,0.308231,0.241327,0.142491,0.135259,0.356526,0.128302
2019-02_game_0012280,bullet,65,629.2957,650.6053,0.777474,0.385854,0.409286,0.220468,0.854671,0.268807
2019-01_game_0006729,bullet,63,139.4782,184.0999,0.367768,0.395152,0.2279,0.39555,0.53277,0.278035
2019-06_game_0025357,bullet,48,687.428,118.6907,0.346684,0.7903,0.20834,0.562187,0.457361,0.79297
2019-01_game_0007678,bullet,99,255.1157,194.295,0.387918,0.475818,0.374248,0.489212,0.403899,0.451059
2019-06_game_0008724,bullet,50,468.287,286.4034,0.56255,0.490158,0.433754,0.234647,0.744168,0.572301
2019-02_game_0019877,bullet,98,221.6046,235.0237,0.58841,0.416693,0.382539,0.445286,0.661157,0.627455
2019-02_game_0020309,bullet,76,231.5997,205.3474,0.498783,0.678215,0.444522,0.386823,0.247202,0.346703
2019-06_game_0011556,bullet,60,243.5367,200.3759,0.410264,0.446431,0.233197,0.539854,0.479942,0.656835
2019-05_game_0008552,bullet,64,200.7212,176.8725,0.360912,0.544055,0.22267,0.320082,0.243111,0.531499
2019-03_game_0015421,bullet,34,289.719,296.3677,0.314323,0.418826,0.137064,0.770107,0.192065,0.398419
2019-02_game_0027775,bullet,89,242.9334,302.5439,0.505657,0.369598,0.384402,0.365613,0.358949,0.285926
2019-04_game_0002717,bullet,59,145.413,160.1145,0.392281,0.716625,0.245561,0.159,0.502186,0.343984
2019-06_game_0001616,bullet,35,123.6266,114.95,0.535507,0.476399,0.162247,0.120202,0.800966,0.248904
2019-06_game_0023446,bullet,23,259.2838,232.7495,0.186623,0.172499,0.086972,0.046254,0.351686,0.212445
2019-03_game_0018650,bullet,44,108.203,105.8234,0.43139,0.530845,0.16193,0.690881,0.409692,0.377341
2023-05_game_0006042,bullet,87,215.4689,142.9086,0.676023,0.404856,0.613503,0.289206,0.542876,0.260775
2019-04_game_0026932,bullet,81,194.2707,274.9541,0.41908,0.687832,0.364961,0.473495,0.735033,0.513432
2019-01_game_0000177,bullet,72,653.4389,401.2689,0.6848,0.368779,0.53025,0.280244,0.356221,0.652299
2019-03_game_0019016,bullet,42,108.1774,116.1209,0.432075,0.811936,0.19122,0.381988,0.223824,0.728151
2019-05_game_0012494,bullet,32,528.7012,487.4397,0.234625,0.209827,0.121548,0.171601,0.093045,0.5086
2019-03_game_0017349,bullet,50,82.3976,88.9078,0.331729,0.668853,0.189854,0.856759,0.170229,0.485272
2023-05_game_0023967,bullet,90,172.895,189.4744,0.478707,0.548124,0.366098,0.463815,0.409918,0.445271
2019-01_game_0017989,bullet,31,153.3379,153.4074,0.174621,0.27674,0.120411,0.110188,0.266448,0.168025
2019-06_game_0004400,bullet,41,160.3866,123.1729,0.45365,0.525233,0.361572,0.175577,0.4573,0.15565
2019-01_game_0012024,bullet,37,68.9873,51.5785,0.487489,0.431199,0.528746,0.171026,0.439305,0.236535
2019-04_game_0024406,bullet,81,151.9974,157.9899,0.455032,0.45009,0.473379,0.397724,0.55591,0.277201
2019-02_game_0020470,bullet,73,204.7154,273.0391,0.566685,0.813502,0.404998,0.297888,0.683565,0.276665
2023-05_game_0018172,bullet,65,190.083,176.102,0.720238,0.426278,0.612146,0.319956,0.814128,0.555298
2019-03_game_0005829,bullet,47,130.0448,184.0788,0.432161,0.600693,0.193021,0.185954,0.41653,0.359819
2019-01_game_0015166,bullet,100,143.649,135.6165,0.511533,0.524304,0.398653,0.452915,0.307817,0.218806
2019-05_game_0003650,bullet,50,270.5136,89.0764,0.324719,0.321961,0.192107,0.288673,0.11597,0.616599
2019-04_game_0007041,bullet,76,138.7173,144.9918,0.658659,0.383793,0.419198,0.283704,0.429633,0.340128
2023-05_game_0021063,bullet,65,202.0863,200.1533,0.504582,0.513758,0.565203,0.247604,0.624307,0.194671
2019-01_game_0027902,bullet,46,264.2945,346.6042,0.457165,0.776436,0.173746,0.514036,0.27591,0.660408
2019-02_game_0022198,bullet,62,140.5261,224.8153,0.396948,0.751553,0.211909,0.732657,0.164295,0.663577
2019-05_game_0014131,bullet,38,134.2417,152.9813,0.706618,0.29818,0.167794,0.416224,0.236994,0.530241
2019-01_game_0011911,bullet,100,196.2949,173.3532,0.414035,0.508301,0.336293,0.446275,0.449849,0.501956
2019-03_game_0029508,bullet,40,137.1791,80.6185,0.570145,0.606936,0.190836,0.571567,0.248774,0.74079
2019-03_game_0023877,bullet,29,296.2896,282.1389,0.479837,0.316216,0.079701,0.066377,0.607907,0.125097
2019-03_game_0019092,bullet,32,70.3924,76.1966,0.437142,0.606194,0.143163,0.618555,0.207159,0.735082
2019-04_game_0017077,bullet,59,136.5148,278.5967,0.622704,0.426958,0.412751,0.238542,0.612134,0.191331
2019-05_game_0011058,bullet,80,311.9604,295.7514,0.34254,0.700007,0.284438,0.60057,0.376873,0.860893
2019-03_game_0006809,bullet,37,237.0858,197.941,0.44525,0.356405,0.779426,0.157223,0.813035,0.34756
2019-01_game_0018602,bullet,78,379.6726,387.7001,0.768587,0.316054,0.384177,0.388352,0.316602,0.702305
2023-05_game_0022752,bullet,34,172.0008,163.8455,0.235652,0.208086,0.111586,0.151203,0.34987,0.557465
2023-05_game_0018779,bullet,47,141.7373,131.3882,0.604581,0.333667,0.373144,0.182171,0.53655,0.135871
2019-03_game_0001058,bullet,44,83.2132,91.9139,0.306234,0.216604,0.223343,0.387989,0.325524,0.857572
2019-03_game_0020685,bullet,100,195.5482,209.2453,0.371482,0.537915,0.410621,0.639508,0.56019,0.600233
2019-03_game_0018714,bullet,51,176.6174,86.3902,0.572374,0.444002,0.674237,0.222545,0.465675,0.097462
2019-02_game_0023527,bullet,86,216.3701,204.6092,0.417999,0.490464,0.442802,0.344321,0.320737,0.47562
2019-03_game_0002895,bullet,35,275.3761,237.3125,0.557577,0.456302,0.752938,0.122366,0.56367,0.263632
2023-05_game_0007714,bullet,70,268.9684,251.8918,0.425317,0.712587,0.441566,0.465742,0.891289,0.971031
2019-05_game_0006305,bullet,58,230.6891,232.8276,0.591686,0.827329,0.262915,0.618476,0.293276,0.847312
2023-05_game_0029777,bullet,71,371.2992,301.9048,0.349327,0.729721,0.479488,0.268924,0.588391,0.554039
2019-02_game_0011304,bullet,65,181.9549,146.5513,0.685767,0.322108,0.598006,0.155289,0.751689,0.259202
2019-04_game_0019675,bullet,57,214.1959,85.303,0.696338,0.4051,0.752668,0.189402,0.749185,0.541592
2019-05_game_0004374,bullet,100,386.6767,133.7323,0.361986,0.62308,0.327497,0.71084,0.36613,0.582247
2019-05_game_0024060,bullet,100,113.1728,134.0296,0.471722,0.447984,0.511257,0.421286,0.322556,0.481012
2019-05_game_0029257,bullet,52,145.7631,221.622,0.210747,0.317834,0.144214,0.160644,0.272358,0.161833
2019-02_game_0013032,bullet,69,57.3858,124.8473,0.798327,0.349934,0.858167,0.239171,0.81269,0.200764
2019-04_game_0017664,bullet,70,279.9365,310.7887,0.422917,0.73404,0.278579,0.55736,0.140928,0.318087
2019-02_game_0006812,bullet,46,424.5005,417.2729,0.353043,0.538554,0.152857,0.164493,0.436287,0.464903
2023-05_game_0017594,bullet,56,83.8795,49.5181,0.467777,0.454213,0.207561,0.17939,0.233766,0.304168
2019-06_game_0014418,bullet,36,118.5019,279.3104,0.47,0.489331,0.156019,0.572609,0.269084,0.509997
2019-03_game_0019121,bullet,50,258.562,257.7175,0.442239,0.428941,0.208403,0.171237,0.205763,0.575336
2019-05_game_0018764,bullet,73,97.1864,135.1692,0.699837,0.371739,0.798727,0.324192,0.526199,0.232593
2019-03_game_0005873,bullet,63,584.3956,453.635,0.653029,0.355446,0.273519,0.377078,0.569155,0.324563
2019-04_game_0025680,bullet,100,168.8389,424.8069,0.598338,0.693267,0.418317,0.850794,0.553984,0.735814
2019-04_game_0027679,bullet,88,377.9885,378.9655,0.360943,0.432049,0.350035,0.361528,0.322465,0.26214
2019-05_game_0012312,bullet,62,129.0381,133.2094,0.480657,0.426631,0.353957,0.311486,0.278163,0.488783
2019-05_game_0014090,bullet,43,155.053,341.8399,0.524069,0.406947,0.245033,0.406806,0.543068,0.422712
2019-01_game_0012312,bullet,48,302.6025,423.2484,0.475682,0.472913,0.23246,0.279067,0.173224,0.711315
2019-02_game_0002294,bullet,90,263.2794,279.9467,0.226335,0.406848,0.379351,0.54103,0.257201,0.337747
2019-06_game_0008412,bullet,75,119.3602,141.9163,0.593654,0.410628,0.911092,0.235667,0.660856,0.254281
2019-02_game_0028252,bullet,47,158.8098,154.792,0.436433,0.508347,0.447527,0.239208,0.281691,0.197411
2019-05_game_0006324,bullet,48,333.7936,92.3768,0.527874,0.68131,0.208672,0.751018,0.084366,0.624747
2019-04_game_0003293,bullet,74,68.4153,69.6853,0.704351,0.386701,0.381028,0.333068,0.415339,0.610834
2019-02_game_0003885,bullet,34,160.2844,161.1127,0.57118,0.56209,0.18567,0.243024,0.255704,0.180036
2019-03_game_0013557,bullet,75,247.268,301.9417,0.556591,0.397449,0.325093,0.41536,0.801045,0.213617
2019-03_game_0028526,bullet,52,219.7445,178.1585,0.384601,0.757758,0.231938,0.780117,0.18596,0.149452
2019-04_game_0014376,bullet,30,296.6429,266.8277,0.229717,0.293456,0.079893,0.151289,0.079952,0.335662
2019-05_game_0022842,bullet,89,151.4062,140.7165,0.411356,0.448496,0.664526,0.385373,0.398146,0.36093
2023-05_game_0006605,bullet,86,42.6729,42.8414,0.624848,0.423834,0.26658,0.427043,0.496757,0.463494
2019-04_game_0003207,bullet,81,209.5845,219.5213,0.40638,0.372187,0.492261,0.334793,0.718425,0.618505
2019-02_game_0000880,bullet,73,203.1652,195.6509,0.704603,0.424167,0.168064,0.439756,0.383099,0.373729
2019-04_game_0012049,bullet,81,129.5905,147.2,0.347017,0.69078,0.43482,0.419756,0.57092,0.282084
2019-06_game_0019412,bullet,61,342.6272,265.2128,0.294701,0.624414,0.290836,0.283195,0.423086,0.184111
2019-03_game_0014412,bullet,88,299.1964,266.5713,0.419094,0.613232,0.359664,0.305663,0.284612,0.355941
2023-05_game_0014634,bullet,46,243.038,104.0053,0.466673,0.495183,0.199963,0.638239,0.11708,0.605227
2019-04_game_0016040,bullet,27,57.045,109.9317,0.519714,0.510267,0.222925,0.068551,0.410141,0.157544
2019-01_game_0024032,bullet,58,207.9207,141.19,0.430128,0.732562,0.215445,0.892408,0.261096,0.827213
2019-06_game_0018722,bullet,43,257.1194,161.5788,0.506422,0.373401,0.152389,0.131058,0.372953,0.409805
2019-02_game_0015130,bullet,70,74.7768,73.728,0.619442,0.393171,0.448915,0.278028,0.238471,0.591629
2019-01_game_0001915,bullet,70,249.1678,276.8627,0.606026,0.354268,0.611261,0.282362,0.498952,0.555963
2023-05_game_0026254,bullet,43,55.3402,55.5425,0.483627,0.628439,0.762833,0.202725,0.606388,0.15194
2023-05_game_0027677,bullet,33,77.7104,109.9193,0.532786,0.392391,0.690163,0.150851,0.48568,0.1387
2019-03_game_0023620,bullet,58,711.6821,635.7734,0.403078,0.653052,0.263076,0.245993,0.245824,0.764243
2023-05_game_0019288,bullet,68,156.1693,108.733,0.412318,0.595088,0.315885,0.62695,0.42439,0.836704
2019-01_game_0019804,bullet,72,324.8011,240.1761,0.592057,0.866288,0.319797,0.808417,0.577099,0.872835
2019-05_game_0017311,bullet,87,447.9322,442.8881,0.638579,0.338073,0.542099,0.3193,0.531872,0.362777
2023-05_game_0015163,bullet,100,181.4165,157.0822,0.741075,0.480104,0.598216,0.438445,0.846704,0.785173
2019-01_game_0026032,bullet,87,420.267,422.4608,0.475038,0.457517,0.284511,0.326155,0.440256,0.288414
2019-05_game_0014116,bullet,92,471.4577,376.5144,0.404141,0.604393,0.395612,0.519609,0.564169,0.700512
2023-05_game_0006863,bullet,72,149.867,123.9501,0.239907,0.249443,0.292929,0.455378,0.265333,0.619121
2019-05_game_0027764,bullet,90,209.9655,295.6592,0.599642,0.345376,0.41927,0.272277,0.512282,0.421253
2019-03_game_0023441,bullet,100,63.3168,135.8602,0.479328,0.386254,0.695058,0.348412,0.554778,0.538339
2019-04_game_0025842,bullet,90,190.8308,164.0482,0.376752,0.633529,0.312973,0.398869,0.398882,0.39152
2019-02_game_0006409,bullet,100,226.9268,242.8528,0.474833,0.426695,0.624834,0.451002,0.214117,0.305363
2023-05_game_0028254,bullet,54,179.8397,279.3665,0.50942,0.715973,0.187709,0.654862,0.068924,0.076867
2019-04_game_0000496,bullet,62,65.6122,113.051,0.245728,0.737209,0.197712,0.928349,0.413534,0.886399
2023-05_game_0000900,bullet,76,398.4872,292.302,0.595576,0.416213,0.666559,0.443617,0.461753,0.698006
2019-05_game_0020724,bullet,55,183.3131,237.9849,0.49271,0.388535,0.319667,0.314711,0.756344,0.234495
2019-02_game_0000194,bullet,35,209.8561,177.3505,0.348528,0.319465,0.170798,0.104047,0.316861,0.229024
2019-04_game_0020963,bullet,35,340.1766,285.1664,0.612474,0.362683,0.268973,0.202996,0.190542,0.232497
2019-01_game_0029091,bullet,70,184.6023,233.5031,0.302929,0.820331,0.184601,0.959038,0.249459,0.805521
2019-02_game_0004168,bullet,35,237.0513,253.2303,0.56517,0.39841,0.552227,0.154776,0.578191,0.109293
2019-02_game_0010472,bullet,100,202.7928,182.2226,0.652662,0.493663,0.639843,0.47041,0.426761,0.625244
2019-06_game_0003171,bullet,39,296.687,294.0078,0.798894,0.375399,0.887869,0.110533,0.759161,0.296446
2019-04_game_0021084,bullet,33,155.3386,81.1482,0.600165,0.270123,0.532981,0.192757,0.225562,0.229957
2019-05_game_0025494,bullet,92,293.8745,206.1361,0.327178,0.704376,0.358518,0.609516,0.375963,0.642854
2019-02_game_0007531,bullet,75,125.9724,130.0952,0.44888,0.64564,0.326111,0.403263,0.418411,0.389082
2019-04_game_0028407,bullet,100,57.2694,185.4255,0.426765,0.46371,0.466934,0.407445,0.410158,0.31259
2023-05_game_0020275,bullet,55,93.4956,85.4179,0.52156,0.657888,0.26175,0.36771,0.202796,0.20442
2019-01_game_0006587,bullet,100,285.8269,269.6162,0.539126,0.525021,0.398296,0.539058,0.426437,0.348124
2023-05_game_0006755,bullet,66,128.1884,131.0578,0.592085,0.426817,0.155922,0.572667,0.237226,0.733504
2019-03_game_0015344,bullet,63,122.8699,121.4186,0.386525,0.460192,0.347685,0.345421,0.433577,0.401102
2019-01_game_0024832,bullet,85,170.8485,161.9525,0.706053,0.372933,0.376319,0.326884,0.633159,0.446857
2019-06_game_0026207,bullet,71,80.2183,69.3033,0.79205,0.308362,0.83354,0.213407,0.709351,0.251878
2019-06_game_0001495,bullet,98,136.8977,132.4678,0.54624,0.409633,0.466862,0.335388,0.378309,0.605003
2019-06_game_0026757,bullet,100,211.0819,216.4077,0.667104,0.408344,0.606352,0.350311,0.390194,0.492978
2019-06_game_0019023,bullet,93,412.7837,449.8181,0.391851,0.38263,0.335965,0.39336,0.598915,0.290516
2019-06_game_0025030,bullet,100,242.4023,48.3042,0.478268,0.367105,0.530934,0.410513,0.416246,0.370284
2019-05_game_0001922,bullet,64,572.5121,457.6475,0.39599,0.811663,0.620143,0.224103,0.338987,0.816993
2019-02_game_0004957,bullet,57,284.8201,297.4233,0.819114,0.330329,0.961451,0.153725,0.73708,0.257595
2019-06_game_0003459,bullet,32,637.9734,560.1266,0.438451,0.514029,0.118282,0.506216,0.165428,0.245942
2019-05_game_0015138,bullet,100,264.178,230.2178,0.451855,0.484242,0.367475,0.73571,0.499327,0.498568
2019-01_game_0014930,bullet,79,81.392,83.613,0.534707,0.393907,0.917237,0.245792,0.348822,0.323133
2019-06_game_0020803,bullet,58,147.7319,205.2221,0.339568,0.681096,0.274738,0.833374,0.240182,0.673445
2019-02_game_0008330,bullet,50,79.1625,60.5678,0.358512,0.649586,0.146623,0.425351,0.164697,0.23942
2019-06_game_0027379,bullet,51,161.0837,141.0909,0.782772,0.370126,0.487914,0.398784,0.707414,0.293446
2019-05_game_0029492,bullet,100,474.8916,133.8592,0.39607,0.67516,0.32071,0.779346,0.551225,0.535249
2019-01_game_0003845,bullet,79,118.2816,104.9936,0.751045,0.749437,0.728209,0.216887,0.634827,0.444978
2019-04_game_0020879,bullet,46,81.7114,77.8824,0.741511,0.399536,0.278075,0.68431,0.186244,0.247265
2019-02_game_0022069,bullet,64,393.1034,404.0333,0.419472,0.674383,0.281125,0.282688,0.250131,0.143664
2023-05_game_0021719,bullet,83,150.9188,139.5627,0.752765,0.375565,0.940702,0.413084,0.699527,0.255015
2019-06_game_0024302,bullet,82,727.6882,508.0463,0.568832,0.419569,0.332009,0.39932,0.469254,0.601317
2019-03_game_0018359,bullet,54,197.8304,328.9497,0.58731,0.355446,0.266933,0.413231,0.26355,0.203272
2019-04_game_0002613,bullet,52,453.5188,201.9118,0.326324,0.660816,0.225446,0.801626,0.671174,0.749774
2019-06_game_0029450,bullet,66,205.0223,210.0948,0.353241,0.595198,0.240976,0.409663,0.328282,0.464439
2019-05_game_0014292,bullet,47,134.348,90.9253,0.324476,0.710569,0.285905,0.343471,0.422767,0.176832
2023-05_game_0009630,bullet,49,78.8008,51.696,0.577566,0.317145,0.74749,0.184888,0.435513,0.206476
2019-03_game_0024496,bullet,36,341.6937,328.6146,0.580429,0.353015,0.169885,0.345653,0.615339,0.610569
2019-06_game_0011526,bullet,100,380.9041,426.7487,0.457872,0.589451,0.520903,0.558463,0.248224,0.651911
2019-06_game_0001513,bullet,98,371.4604,299.5782,0.413742,0.525381,0.333652,0.342198,0.311171,0.529359
2019-05_game_0021757,bullet,64,114.8476,234.1356,0.26501,0.527854,0.234997,0.501481,0.286308,0.286544
2019-01_game_0012424,bullet,100,124.1363,158.0307,0.532636,0.443847,0.421436,0.384649,0.256198,0.401461
2019-06_game_0015121,bullet,66,177.3533,166.8846,0.509227,0.368638,0.59251,0.217627,0.249714,0.390706
2019-06_game_0017427,bullet,45,238.576,294.5747,0.650569,0.446362,0.808007,0.142954,0.672397,0.247857
2019-01_game_0023282,bullet,42,238.1716,96.95,0.655935,0.339663,0.273928,0.225236,0.267864,0.526169
2019-06_game_0016733,bullet,100,321.4636,288.2776,0.575595,0.610214,0.501085,0.43225,0.59843,0.684008
2019-02_game_0003247,bullet,100,442.1728,175.6611,0.493852,0.493417,0.451271,0.515711,0.517427,0.521046
2019-03_game_0016155,bullet,56,280.8279,289.2672,0.379501,0.376419,0.270811,0.337151,0.292841,0.61102
2023-05_game_0011226,bullet,59,118.7226,425.4587,0.568938,0.439542,0.222361,0.235915,0.353823,0.211153
2019-05_game_0014320,bullet,49,349.1861,244.8692,0.492506,0.560768,0.218866,0.47918,0.657612,0.307075
2019-02_game_0024052,bullet,75,203.0399,204.4519,0.398994,0.424497,0.642814,0.300174,0.438934,0.261722
2019-05_game_0005479,bullet,59,84.7357,83.1524,0.587762,0.365064,0.583751,0.225647,0.16729,0.18777
2019-02_game_0024838,bullet,57,185.096,98.7159,0.708909,0.460073,0.766874,0.234808,0.642643,0.209803
2023-05_game_0011217,bullet,44,447.8448,532.5479,0.570429,0.556009,0.243755,0.672688,0.246456,0.717177
2019-06_game_0000807,bullet,40,238.6526,173.5018,0.292596,0.347278,0.253629,0.258886,0.19681,0.643736
2023-05_game_0023486,bullet,34,95.8083,549.104,0.182694,0.436239,0.146074,0.154961,0.274476,0.319338
2019-06_game_0012273,bullet,90,101.3524,98.4609,0.625746,0.414175,0.38002,0.386972,0.351452,0.591596
2023-05_game_0007655,bullet,86,740.9868,637.939,0.507561,0.69498,0.21842,0.81672,0.396497,0.632955
2019-03_game_0014453,bullet,52,245.9818,96.8337,0.234092,0.228915,0.22503,0.265406,0.259487,0.585615
2019-05_game_0009364,bullet,98,319.498,353.3027,0.419223,0.412574,0.321904,0.339601,0.387665,0.520835
2023-05_game_0001695,bullet,63,171.9445,106.0796,0.853966,0.33337,0.899611,0.225337,0.499474,0.172897
2019-01_game_0029834,bullet,100,224.4142,234.609,0.550181,0.559412,0.290827,0.511211,0.718683,0.705822
2019-01_game_0022544,bullet,67,79.5837,79.3251,0.733902,0.577429,0.495178,0.216925,0.577155,0.190968
2023-05_game_0017367,bullet,70,306.4976,287.0244,0.337313,0.404275,0.203176,0.881578,0.448903,0.621596
2019-02_game_0022002,bullet,58,246.8614,159.0996,0.436622,0.533193,0.459833,0.273521,0.338208,0.736431
2019-01_game_0004666,bullet,53,83.9819,229.1117,0.428453,0.554181,0.184895,0.261869,0.56981,0.184468
2019-03_game_0002153,bullet,46,82.1254,92.8661,0.483636,0.601439,0.216706,0.415244,0.255354,0.65509
2019-03_game_0026976,bullet,66,342.8001,402.5517,0.640733,0.523169,0.833558,0.219047,0.262633,0.740672
2023-05_game_0010088,bullet,100,101.6258,102.3701,0.535729,0.588113,0.480791,0.459044,0.400458,0.666419
2019-06_game_0027872,bullet,55,244.6174,244.2014,0.699526,0.386318,0.34285,0.275051,0.488651,0.190391
2019-03_game_0000493,bullet,95,178.1104,259.9911,0.758764,0.450431,0.899316,0.38733,0.64245,0.541712
2023-05_game_0008172,bullet,51,301.9984,323.093,0.601239,0.264885,0.495553,0.220162,0.678928,0.222407
2019-04_game_0022993,bullet,51,59.1393,75.863,0.758512,0.312425,0.423829,0.166148,0.770218,0.266866
2023-05_game_0028535,bullet,93,221.2016,215.7033,0.432126,0.63737,0.362161,0.498053,0.432227,0.612231
2019-05_game_0004702,bullet,60,128.0894,144.5915,0.353799,0.839479,0.202223,0.439582,0.25007,0.61548
2019-04_game_0022906,bullet,56,285.6365,282.6496,0.486121,0.737739,0.287016,0.508449,0.183005,0.531441
2019-02_game_0017763,bullet,100,406.8324,471.9695,0.565423,0.548485,0.438242,0.554265,0.453997,0.452548
2019-02_game_0014038,bullet,37,242.3687,373.0977,0.634109,0.26897,0.433603,0.168172,0.771721,0.644291
2019-04_game_0027489,bullet,89,120.1359,172.0198,0.778423,0.363322,0.421292,0.374209,0.561946,0.337901
2019-06_game_0002438,bullet,39,157.3929,173.6164,0.626091,0.505655,0.270967,0.201294,0.230272,0.339806
2019-05_game_0026013,bullet,60,399.6813,395.7782,0.490984,0.504359,0.377095,0.439534,0.226532,0.640819
2019-04_game_0020357,bullet,70,243.0428,526.5286,0.368128,0.749222,0.241218,0.789691,0.186819,0.497834
2019-02_game_0023051,bullet,89,393.4239,347.2348,0.799302,0.347695,0.722334,0.376773,0.722787,0.282556
2019-05_game_0029941,bullet,70,332.1667,450.4086,0.537042,0.382349,0.260203,0.552102,0.167134,0.472034
2019-02_game_0029525,bullet,36,217.6268,169.4464,0.487796,0.536918,0.12856,0.675926,0.158899,0.641146
2019-02_game_0005736,bullet,86,183.3451,123.7718,0.371381,0.799626,0.307133,0.729543,0.363902,0.604656
2019-05_game_0004863,bullet,32,232.6427,343.2476,0.476259,0.505291,0.143417,0.671683,0.0957,0.212004
2019-01_game_0019284,bullet,93,239.8349,111.117,0.400197,0.620121,0.384487,0.535592,0.362575,0.38433
2019-01_game_0029903,bullet,92,198.579,229.6778,0.619104,0.74026,0.701455,0.203106,0.566037,0.490575
2019-01_game_0004855,bullet,49,401.9732,513.6345,0.505366,0.410259,0.361962,0.52994,0.638866,0.262497
2019-05_game_0019781,bullet,74,147.1637,95.1171,0.381351,0.419918,0.287621,0.288651,0.19108,0.633574
2019-06_game_0001051,bullet,60,137.4538,172.0975,0.4834,0.741576,0.206476,0.861459,0.265323,0.637762
2019-02_game_0026280,bullet,39,62.4035,61.9984,0.830194,0.342135,0.575052,0.245861,0.111558,0.170196
2023-05_game_0015672,bullet,33,258.0668,245.7965,0.442978,0.36999,0.518392,0.113155,0.498582,0.167807
2019-03_game_0017953,bullet,34,81.842,80.6893,0.393866,0.345452,0.137343,0.574897,0.103253,0.262313
2019-05_game_0025298,bullet,67,301.5434,94.6639,0.745457,0.37735,0.490876,0.38545,0.914354,0.403166
2019-03_game_0013551,bullet,54,106.2294,135.2849,0.469832,0.420955,0.24122,0.431021,0.246524,0.499625
2023-05_game_0018023,bullet,60,53.2793,52.2082,0.425492,0.680599,0.179168,0.680926,0.236976,0.668988
2019-01_game_0022766,bullet,66,287.6204,295.9011,0.511586,0.428982,0.332982,0.215938,0.209486,0.750241
2019-05_game_0017877,bullet,81,129.1111,132.8386,0.684368,0.403174,0.511382,0.300404,0.448092,0.187464
2019-03_game_0025813,bullet,48,100.5696,194.3677,0.417559,0.453482,0.202137,0.815738,0.28925,0.639065
2019-02_game_0025597,bullet,100,150.9321,169.3517,0.463849,0.503229,0.37762,0.659307,0.573204,0.52178
2019-02_game_0013943,bullet,55,151.514,144.1037,0.568101,0.372187,0.227194,0.229843,0.864111,0.56238
2019-02_game_0027719,bullet,94,343.4647,324.56,0.36563,0.63165,0.267768,0.246402,0.653108,0.752286
2019-02_game_0005596,bullet,100,187.9691,338.2719,0.492867,0.515077,0.413617,0.527057,0.501277,0.606795
2019-02_game_0021680,bullet,52,59.3505,72.6107,0.63086,0.348651,0.16528,0.261121,0.303786,0.363554
2023-05_game_0027945,bullet,60,122.4438,376.2714,0.297858,0.650149,0.204845,0.876575,0.379521,0.762701
2023-05_game_0026751,bullet,100,211.5539,250.8242,0.447797,0.592405,0.397183,0.548665,0.37835,0.361575
2019-02_game_0019326,bullet,33,132.3024,99.2071,0.636424,0.539033,0.151818,0.087627,0.323127,0.180771
2019-01_game_0013585,bullet,73,250.2632,320.7621,0.76603,0.628559,0.613132,0.210839,0.748379,0.576873
2019-05_game_0020162,bullet,33,328.2923,409.2032,0.206741,0.232302,0.169682,0.118626,0.276503,0.311567
2019-03_game_0015666,bullet,67,1010.1904,901.6262,0.335806,0.58595,0.310308,0.439726,0.628426,0.623465
2019-03_game_0016920,bullet,65,191.5398,137.7715,0.464209,0.504516,0.36386,0.277165,0.781547,0.312313
2019-01_game_0012014,bullet,57,291.6423,332.0316,0.462315,0.414638,0.54376,0.300105,0.677782,0.271988
2019-06_game_0011370,bullet,59,154.4331,203.6339,0.621405,0.346202,0.156127,0.227992,0.832763,0.385483
2019-03_game_0011661,bullet,56,291.9304,291.5891,0.417857,0.663707,0.235513,0.218105,0.230723,0.762047
2019-05_game_0018992,bullet,31,236.8819,187.0028,0.286257,0.469062,0.584964,0.20147,0.619305,0.240171
2019-02_game_0007017,bullet,94,177.5193,237.3196,0.359244,0.559989,0.420212,0.607934,0.427448,0.367911
2019-03_game_0000223,bullet,91,201.0356,101.0438,0.712882,0.544318,0.450266,0.555395,0.479005,0.499775
2019-03_game_0023277,bullet,82,360.1653,183.0366,0.403743,0.452295,0.331986,0.62738,0.309625,0.772718
2019-05_game_0013652,bullet,45,225.8633,173.632,0.484537,0.633054,0.435409,0.222068,0.559255,0.215581
2019-02_game_0020298,bullet,90,210.3484,230.4237,0.407459,0.389693,0.369448,0.379502,0.341682,0.435139
2023-05_game_0009079,bullet,63,532.5579,427.2627,0.720739,0.339679,0.883272,0.212793,0.496509,0.205406
2019-06_game_0005466,bullet,84,216.885,225.3357,0.413545,0.707659,0.345174,0.485667,0.512602,0.774592
2019-06_game_0002298,bullet,52,229.2053,55.2611,0.247273,0.245695,0.117328,0.129476,0.283049,0.525082
2019-04_game_0028313,bullet,94,176.7935,165.2467,0.398587,0.382755,0.467833,0.541265,0.4127,0.423559
2019-02_game_0024788,bullet,45,138.3524,279.2426,0.839053,0.338619,0.800962,0.192843,0.623174,0.245213
2019-02_game_0022074,bullet,39,261.7868,261.3372,0.499261,0.62888,0.753253,0.144031,0.84578,0.2148
2019-04_game_0016976,bullet,43,67.2801,59.2763,0.330453,0.299056,0.226588,0.201314,0.505502,0.185388
2019-01_game_0006256,bullet,100,172.0444,176.6984,0.410267,0.523137,0.267161,0.526569,0.423109,0.586593
2019-06_game_0009379,bullet,46,339.1157,360.899,0.291604,0.317613,0.187933,0.242769,0.243634,0.507172
2019-01_game_0028662,bullet,77,292.3008,479.7791,0.802648,0.403161,0.351997,0.316789,0.786517,0.3577
2019-02_game_0004049,bullet,60,279.0333,266.7551,0.400183,0.601393,0.240068,0.175314,0.226033,0.791683
2019-02_game_0007070,bullet,73,337.171,377.9943,0.382047,0.732095,0.282487,0.459852,0.520738,0.511405
2019-02_game_0016089,bullet,80,101.4542,231.6655,0.366119,0.363656,0.288979,0.584913,0.59421,0.579973
2019-01_game_0004740,bullet,66,142.1365,175.7336,0.639697,0.337467,0.419602,0.356957,0.253017,0.537218
2019-04_game_0024403,bullet,22,215.5562,161.0602,0.207172,0.231834,0.040711,0.053428,0.212513,0.350754
2019-03_game_0018438,bullet,61,210.797,152.1823,0.572285,0.397425,0.765584,0.221435,0.638716,0.139053
2019-02_game_0005840,bullet,100,179.7039,173.1999,0.404118,0.467453,0.424046,0.580832,0.35047,0.449694
2019-03_game_0017544,bullet,34,360.8175,382.5646,0.430335,0.426224,0.107881,0.641326,0.214827,0.365493
2019-06_game_0023361,bullet,90,190.6498,219.9661,0.505833,0.390972,0.383182,0.493507,0.210557,0.422799
2019-05_game_0029766,bullet,35,397.6857,448.4455,0.351951,0.582239,0.167585,0.058763,0.231995,0.317835
2019-03_game_0009964,bullet,68,135.9572,106.4642,0.383851,0.7428,0.214353,0.550609,0.307311,0.749765
2019-06_game_0003475,bullet,100,297.4818,273.8456,0.45567,0.573628,0.298937,0.784966,0.29572,0.682097
2019-02_game_0014529,bullet,69,168.019,189.6017,0.408347,0.620652,0.690459,0.181153,0.675725,0.307509
2019-05_game_0021298,bullet,47,105.908,94.5932,0.508349,0.408332,0.794979,0.168947,0.489357,0.160797
2023-05_game_0027335,bullet,67,350.5522,370.5237,0.757856,0.392233,0.848337,0.202679,0.729311,0.199426
2023-05_game_0020184,bullet,42,57.0321,64.7524,0.376742,0.441755,0.197801,0.23169,0.157516,0.567593
2019-03_game_0004595,bullet,43,170.4502,153.493,0.152467,0.159796,0.120785,0.100255,0.39142,0.089287
2019-05_game_0020730,bullet,64,175.4153,55.9906,0.799682,0.307692,0.465247,0.245159,0.338674,0.661851
2019-06_game_0012644,bullet,52,170.4748,188.6428,0.558866,0.814833,0.521331,0.411495,0.499009,0.791426
2019-02_game_0023893,bullet,98,380.4051,374.5555,0.606061,0.430733,0.565533,0.404634,0.524627,0.565569
2019-01_game_0008626,bullet,57,190.2212,136.902,0.490825,0.259497,0.683709,0.177306,0.787357,0.348
2019-02_game_0027338,bullet,58,307.5218,209.9319,0.431493,0.647197,0.304599,0.296987,0.274913,0.64874
2019-04_game_0016428,bullet,62,267.3705,145.9646,0.396267,0.819559,0.381981,0.560789,0.195643,0.691833
2019-04_game_0019986,bullet,81,526.9028,537.179,0.822381,0.511745,0.727035,0.312656,0.659674,0.664683
2019-02_game_0001765,bullet,79,77.7401,94.1606,0.532961,0.351119,0.814565,0.329903,0.416212,0.430761
2019-04_game_0015347,bullet,100,405.5471,771.2072,0.440369,0.548459,0.349445,0.684107,0.502753,0.724993
2019-03_game_0012415,bullet,48,188.6069,430.4838,0.464969,0.624225,0.388046,0.214665,0.346726,0.505286
2019-04_game_0014440,bullet,62,65.1157,64.9458,0.293323,0.365598,0.286975,0.537463,0.23919,0.555014
2019-06_game_0022405,bullet,55,59.9023,122.2885,0.587455,0.466599,0.739632,0.218065,0.562039,0.197159
2019-05_game_0014041,bullet,63,417.2877,701.7715,0.747147,0.377113,0.941573,0.292428,0.811701,0.29547
2019-02_game_0026694,bullet,76,78.774,92.94,0.441627,0.507494,0.324203,0.546114,0.393539,0.424869
2019-06_game_0010659,bullet,51,240.6251,119.601,0.59231,0.546704,0.295685,0.176182,0.510443,0.171961
2019-01_game_0004209,bullet,61,219.8065,663.451,0.765169,0.34334,0.441999,0.204287,0.494623,0.566271
2019-04_game_0007302,bullet,96,267.881,373.1292,0.465665,0.84166,0.310098,0.873402,0.436099,0.408618
2019-02_game_0023334,bullet,53,418.1207,440.9465,0.63825,0.462458,0.694965,0.196479,0.782906,0.348169
2023-05_game_0029956,bullet,23,289.5135,287.0657,0.112646,0.152201,0.05431,0.047354,0.254733,0.1497
2023-05_game_0005243,bullet,50,91.7895,94.6102,0.745309,0.421208,0.341746,0.422601,0.193339,0.536897
2019-05_game_0000192,bullet,36,181.9171,208.7243,0.407662,0.464383,0.161432,0.565439,0.093076,0.531859
2023-05_game_0013746,bullet,100,112.6712,107.3384,0.601807,0.438915,0.609166,0.387261,0.479934,0.649713
2019-06_game_0003709,bullet,48,428.3484,528.4389,0.597415,0.471757,0.204385,0.393512,0.491997,0.515553
2019-06_game_0017648,bullet,95,134.2618,237.4084,0.430303,0.44611,0.368872,0.592886,0.399648,0.484885
2019-06_game_0018181,bullet,100,195.9068,203.7228,0.566491,0.453196,0.503643,0.388438,0.464201,0.505256
2019-01_game_0005642,bullet,50,115.6074,115.7242,0.503743,0.692068,0.235123,0.836841,0.172518,0.63286
2019-04_game_0009559,bullet,68,174.1516,157.526,0.368783,0.809403,0.333683,0.464127,0.303114,0.959266
2019-05_game_0029542,bullet,61,433.0013,357.9498,0.630205,0.424784,0.374857,0.226885,0.791329,0.387079
2019-03_game_0017106,bullet,57,66.8844,108.5652,0.6634,0.332108,0.879054,0.243377,0.403179,0.363967
2019-02_game_0020510,bullet,63,161.6344,176.0862,0.557906,0.408051,0.368642,0.283014,0.566599,0.383877
2023-05_game_0018810,bullet,77,355.5023,344.9884,0.389509,0.706882,0.213559,0.51144,0.584648,0.438637
2019-04_game_0017088,bullet,57,819.8182,814.6467,0.676424,0.301497,0.495574,0.237178,0.692803,0.265906
2019-06_game_0020868,bullet,91,106.8969,86.9547,0.457521,0.470957,0.700285,0.320651,0.469223,0.206528
2019-02_game_0020826,bullet,92,172.1989,247.0694,0.344234,0.789491,0.419654,0.682582,0.360528,0.422948
2019-04_game_0006722,bullet,83,646.1464,574.4364,0.279144,0.59268,0.406336,0.488715,0.726338,0.554655
2023-05_game_0005642,bullet,61,299.7446,327.1677,0.425875,0.593239,0.270447,0.230232,0.328122,0.328063
2019-01_game_0022149,bullet,78,207.1305,164.4589,0.388165,0.570429,0.297971,0.611931,0.420311,0.817241
2019-04_game_0024658,bullet,75,182.2857,182.8957,0.43479,0.527906,0.318517,0.218849,0.396792,0.344607
2019-05_game_0025006,bullet,70,197.6812,201.2299,0.328689,0.838502,0.194565,0.927191,0.270492,0.488519
2019-03_game_0001763,bullet,75,291.374,292.4307,0.380012,0.441028,0.293447,0.322958,0.522119,0.394822
2019-01_game_0003207,bullet,36,369.3248,373.1227,0.346334,0.443056,0.114407,0.185026,0.222571,0.467951
2019-06_game_0017808,bullet,70,229.7858,221.7112,0.546434,0.513575,0.471104,0.485732,0.36051,0.741319
2019-02_game_0009516,bullet,100,744.4479,826.9811,0.615524,0.479282,0.709564,0.349705,0.55643,0.484401
2019-02_game_0003730,bullet,48,205.9339,151.4616,0.240828,0.597633,0.177188,0.420279,0.363416,0.775188
2019-03_game_0014275,bullet,100,133.7053,168.7557,0.397327,0.585685,0.386285,0.603768,0.593468,0.704001
2019-05_game_0019973,bullet,100,159.3994,223.7818,0.381235,0.527051,0.343182,0.508922,0.614648,0.562394
2019-04_game_0015832,bullet,41,610.5275,630.5159,0.510531,0.492022,0.310508,0.331105,0.552907,0.265319
2019-05_game_0001700,bullet,60,224.6235,225.4442,0.306633,0.687451,0.299392,0.452732,0.307472,0.696007
2019-05_game_0020935,bullet,52,171.9739,111.8284,0.468876,0.459073,0.195019,0.389879,0.222341,0.246062
2019-02_game_0008240,bullet,65,138.0665,170.7779,0.375265,0.333571,0.326861,0.298662,0.759685,0.195119
2019-06_game_0016651,bullet,77,139.8121,135.9632,0.735642,0.353214,0.805936,0.316377,0.607339,0.287771
2019-02_game_0019336,bullet,100,496.55,529.7284,0.506536,0.606576,0.314236,0.749387,0.518126,0.81226
2019-01_game_0006353,bullet,53,196.3313,161.7825,0.225247,0.211072,0.349175,0.190303,0.489794,0.227367
2019-03_game_0012936,bullet,36,373.7024,337.2536,0.602621,0.572916,0.223597,0.2417,0.239184,0.335245
2019-01_game_0029760,bullet,53,389.4418,377.8304,0.696525,0.419471,0.818063,0.231503,0.70109,0.177254
2019-05_game_0026262,bullet,71,226.2498,185.2937,0.349831,0.554858,0.329372,0.274598,0.523356,0.342323
2019-04_game_0029760,bullet,50,466.42,402.9092,0.405782,0.437845,0.198777,0.809863,0.179689,0.475547
2019-04_game_0014380,bullet,49,266.4671,216.3681,0.462095,0.577037,0.395918,0.234766,0.597767,0.283858
2019-06_game_0014606,bullet,86,330.1389,198.9612,0.328542,0.841372,0.216868,0.936438,0.183748,0.83546
2019-05_game_0027278,bullet,62,326.7904,315.2354,0.638826,0.462131,0.219206,0.337624,0.18415,0.660786
2019-05_game_0011875,bullet,63,230.8156,255.7596,0.633351,0.600752,0.499625,0.290909,0.495652,0.269463
2019-04_game_0022937,bullet,56,239.5921,361.9717,0.431106,0.420306,0.303831,0.272533,0.437208,0.462354
2019-04_game_0024922,bullet,42,422.9715,94.1725,0.673804,0.44223,0.164825,0.154115,0.303991,0.407414
2019-06_game_0027446,bullet,72,63.9005,67.2677,0.364591,0.775175,0.227675,0.965221,0.22528,0.166043
2019-01_game_0021760,bullet,62,93.4546,76.2322,0.432438,0.776176,0.215452,0.85048,0.258583,0.650026
2019-05_game_0027459,bullet,85,227.1155,175.5934,0.780861,0.461278,0.770698,0.363051,0.855231,0.517246
2019-01_game_0014178,bullet,100,264.3396,250.1772,0.529594,0.627517,0.432061,0.690108,0.275525,0.403466
2019-04_game_0007442,bullet,74,146.471,190.0517,0.408645,0.66764,0.230673,0.826552,0.161586,0.468394
2019-02_game_0012373,bullet,71,226.3339,247.9334,0.816489,0.405438,0.444824,0.450509,0.814017,0.531269
2019-05_game_0003682,bullet,71,320.1635,345.8271,0.382413,0.536269,0.463092,0.275882,0.51305,0.160428
2019-01_game_0003624,bullet,39,213.2963,160.986,0.63085,0.479266,0.154371,0.302653,0.216589,0.158677
2019-01_game_0010985,bullet,62,136.1313,195.2963,0.436461,0.439765,0.230504,0.58273,0.374575,0.441174
2019-02_game_0000845,bullet,83,117.1478,117.1302,0.557065,0.33866,0.501514,0.2986,0.395467,0.289509
2019-03_game_0005303,bullet,100,126.6051,166.6831,0.476867,0.515552,0.48561,0.457083,0.287459,0.468355
2019-01_game_0006937,bullet,63,112.6731,143.2053,0.460179,0.669235,0.243549,0.234479,0.421584,0.21884
2019-02_game_0019501,bullet,25,72.0961,64.6279,0.536294,0.363977,0.443902,0.054534,0.49566,0.15543
2019-05_game_0005118,bullet,72,96.1356,66.2027,0.82496,0.344433,0.463321,0.316084,0.761401,0.674981
2019-06_game_0024906,bullet,81,79.077,70.9508,0.3409,0.77583,0.253601,0.405569,0.408141,0.37504
2019-05_game_0011820,bullet,61,157.7425,180.2503,0.590919,0.35577,0.413977,0.300223,0.795458,0.336729
2019-06_game_0025776,bullet,51,199.6726,255.0281,0.177801,0.259861,0.181353,0.133373,0.295969,0.356305
2019-05_game_0000500,bullet,79,366.6106,441.9971,0.390153,0.528395,0.32968,0.298418,0.609073,0.312931
2019-06_game_0005126,bullet,72,143.7431,202.7592,0.374827,0.463178,0.318683,0.68883,0.167114,0.708195
2019-02_game_0021088,bullet,74,453.3738,388.0302,0.326736,0.819254,0.262756,0.743992,0.566957,0.618335
2019-01_game_0021598,bullet,84,123.628,87.1913,0.443771,0.734429,0.249053,0.781832,0.172359,0.37555
2019-03_game_0025982,bullet,100,228.2763,349.8132,0.471026,0.397581,0.415705,0.313149,0.270105,0.695338
2019-04_game_0000587,bullet,25,292.055,225.5633,0.375956,0.293814,0.382724,0.05435,0.434023,0.111892
2019-04_game_0028629,bullet,77,110.1045,93.0912,0.67875,0.408997,0.449605,0.270617,0.459306,0.373519
2019-01_game_0010332,bullet,70,241.9526,238.9306,0.540207,0.414689,0.455078,0.268166,0.527479,0.497816
2019-01_game_0017647,bullet,44,223.8812,210.3988,0.602024,0.452571,0.199261,0.546226,0.391697,0.466912
2019-05_game_0004358,bullet,44,75.1892,73.1753,0.382194,0.638989,0.150873,0.174048,0.291867,0.549901
2019-02_game_0004366,bullet,21,232.2477,218.7325,0.242565,0.108203,0.35774,0.030857,0.363029,0.159447
2019-02_game_0022557,bullet,71,290.1629,284.2223,0.847526,0.310623,0.955907,0.180889,0.682072,0.337167
2019-03_game_0027448,bullet,50,267.9782,242.2843,0.388054,0.575486,0.219698,0.631703,0.245162,0.405437
2019-01_game_0028537,bullet,36,685.8928,707.4208,0.260302,0.295731,0.128923,0.217955,0.605916,0.622618
2019-04_game_0000767,bullet,54,281.4319,233.7416,0.385458,0.584766,0.319022,0.634248,0.386572,0.388971
2019-05_game_0007075,bullet,67,187.0995,425.5358,0.38137,0.39283,0.324368,0.28282,0.671481,0.231029
2019-03_game_0013619,bullet,55,263.2021,290.821,0.32198,0.813032,0.293709,0.236912,0.364888,0.167899
2019-06_game_0011475,bullet,53,79.7069,83.9493,0.786656,0.338767,0.716838,0.159615,0.616181,0.272259
2019-05_game_0010342,bullet,70,178.1928,171.5511,0.458191,0.598801,0.204928,0.875043,0.226191,0.479507
2019-05_game_0020078,bullet,48,61.1748,61.3047,0.442794,0.55663,0.14817,0.846443,0.345586,0.384828
2019-01_game_0003417,bullet,100,447.979,336.4138,0.517698,0.49574,0.413244,0.387384,0.523964,0.571675
2019-02_game_0003637,bullet,80,657.335,777.4411,0.632774,0.624046,0.43807,0.288522,0.259115,0.829902
2019-06_game_0025078,bullet,94,236.4624,295.0043,0.815043,0.404089,0.533245,0.466325,0.568218,0.719926
2023-05_game_0001889,bullet,29,457.5587,411.9625,0.263292,0.209248,0.160959,0.091689,0.455703,0.153477
2019-06_game_0014869,bullet,72,153.4591,110.9531,0.388161,0.335588,0.249058,0.239783,0.420789,0.379475
2019-06_game_0018464,bullet,61,157.7347,148.3947,0.5369,0.73575,0.559935,0.287077,0.82879,0.338329
2019-05_game_0004242,bullet,99,320.3864,366.0004,0.551543,0.462145,0.399981,0.60841,0.649907,0.372898
2023-05_game_0020045,bullet,61,120.8667,161.3654,0.881385,0.388196,0.706935,0.213097,0.781337,0.234768
2023-05_game_0021990,bullet,60,386.5965,376.881,0.562765,0.382096,0.222402,0.349092,0.288073,0.461563
2019-05_game_0003895,bullet,62,127.5652,107.8234,0.382293,0.645752,0.273926,0.447356,0.222688,0.555336
2019-03_game_0016796,bullet,71,147.0757,279.1385,0.415519,0.431227,0.385643,0.391355,0.650908,0.19966
2019-03_game_0000398,bullet,97,134.0797,95.7974,0.266251,0.48972,0.412508,0.466271,0.611688,0.355064
2019-02_game_0022322,bullet,69,679.652,713.4736,0.836022,0.310609,0.781137,0.252243,0.642202,0.264167
2019-03_game_0001631,bullet,52,278.3159,177.5158,0.399305,0.44895,0.188327,0.570322,0.229652,0.685192
2019-02_game_0003591,bullet,90,365.6042,436.4265,0.317818,0.852912,0.33562,0.813178,0.503871,0.661936
2019-03_game_0015670,bullet,24,81.759,90.3733,0.309531,0.456672,0.066263,0.100324,0.176183,0.391345
2019-06_game_0011906,bullet,29,182.0676,141.366,0.192725,0.264815,0.116527,0.078888,0.445287,0.188637
2019-02_game_0021945,bullet,79,149.7879,152.5164,0.632639,0.426665,0.303597,0.474538,0.33126,0.206023
2019-02_game_0014677,bullet,63,661.2578,522.9233,0.501773,0.317555,0.893884,0.255056,0.701027,0.206559
2019-01_game_0004723,bullet,46,407.9508,381.4535,0.722174,0.378763,0.273432,0.59294,0.213466,0.603834
2019-04_game_0016341,bullet,53,200.336,167.3429,0.806943,0.43879,0.91019,0.201036,0.724656,0.188789
2023-05_game_0017430,bullet,80,124.9452,68.3362,0.369708,0.447507,0.348722,0.603199,0.318034,0.309115
2019-06_game_0020309,bullet,81,63.2547,71.3569,0.42689,0.604418,0.306552,0.429164,0.281712,0.253463
2019-04_game_0010785,bullet,56,508.6318,559.0831,0.67544,0.435519,0.206802,0.310786,0.164103,0.550676
2023-05_game_0029750,bullet,67,289.8087,223.2261,0.396306,0.375574,0.668288,0.21774,0.505529,0.16282
2019-02_game_0029293,bullet,70,164.4183,88.4821,0.299235,0.819766,0.254427,0.921667,0.270951,0.605829
2019-02_game_0027416,bullet,54,390.9406,349.0771,0.457354,0.360449,0.241137,0.771985,0.181176,0.399706
2019-02_game_0028304,bullet,67,191.7245,157.2332,0.59498,0.556077,0.245503,0.293921,0.394488,0.206225
2019-02_game_0021547,bullet,96,393.6318,483.602,0.340986,0.675555,0.341589,0.690829,0.322744,0.585974
2019-03_game_0007388,bullet,85,364.4485,327.1191,0.409243,0.373223,0.690438,0.281144,0.325232,0.268326
2019-03_game_0016561,bullet,55,118.0622,105.1165,0.839192,0.396101,0.920794,0.199763,0.710516,0.144438
2019-01_game_0001588,bullet,53,57.2848,107.2557,0.671309,0.512938,0.480488,0.233245,0.525933,0.169274
2019-01_game_0007985,bullet,55,445.8311,459.8671,0.474798,0.356751,0.189282,0.399299,0.677915,0.200526
2019-05_game_0018582,bullet,44,90.6034,84.2928,0.383658,0.511659,0.136504,0.379263,0.231329,0.161413
2019-03_game_0014261,bullet,71,319.0524,357.412,0.676089,0.398939,0.229541,0.231694,0.520647,0.17253
2019-06_game_0000128,bullet,70,236.5816,232.8687,0.578499,0.380748,0.39653,0.33198,0.482951,0.326301
2019-01_game_0025060,bullet,58,469.9374,260.5229,0.308469,0.617285,0.175549,0.845832,0.413054,0.801202
2019-06_game_0002368,bullet,46,202.9239,352.9735,0.250123,0.278251,0.143012,0.176076,0.176525,0.413978
2019-05_game_0017781,bullet,34,222.9108,250.0452,0.434437,0.769478,0.11153,0.388114,0.184456,0.734784
2019-05_game_0000386,bullet,33,152.8329,609.2149,0.520512,0.385641,0.148306,0.204074,0.229013,0.275165
2019-01_game_0000482,bullet,29,133.583,128.0,0.458739,0.337877,0.670298,0.098546,0.648749,0.207033
2019-06_game_0006108,bullet,79,178.7629,178.1723,0.449165,0.267542,0.32383,0.492906,0.551931,0.533243
2019-01_game_0000369,bullet,66,202.2376,203.4994,0.524379,0.815103,0.276949,0.528648,0.678548,0.618286
2019-06_game_0018241,bullet,81,211.3238,270.9481,0.3783,0.424766,0.43937,0.372876,0.764865,0.351095
2019-03_game_0005811,bullet,65,199.6865,238.2904,0.572306,0.388332,0.312312,0.400473,0.638902,0.6587
2019-03_game_0001568,bullet,51,105.78,95.536,0.259549,0.16602,0.147666,0.126055,0.343508,0.302028
2019-05_game_0019422,bullet,21,377.4966,360.5538,0.188091,0.121802,0.128544,0.032511,0.042186,0.024244
2019-04_game_0028410,bullet,100,258.64,242.8015,0.434752,0.436235,0.497918,0.401064,0.473412,0.511961
2019-02_game_0027086,bullet,36,177.7034,219.3505,0.580674,0.49604,0.272876,0.441003,0.222376,0.564158
2019-03_game_0019686,bullet,81,485.2618,508.3831,0.520902,0.363631,0.340544,0.300298,0.297327,0.217271
2023-05_game_0012486,bullet,33,298.8669,354.0508,0.372795,0.27939,0.149063,0.126822,0.356762,0.154467
2019-06_game_0023300,bullet,63,518.2334,518.4025,0.597108,0.428573,0.537547,0.232808,0.718373,0.528729
2019-06_game_0020786,bullet,51,147.4826,340.4084,0.609489,0.574398,0.491548,0.331592,0.773394,0.323372
2019-03_game_0019330,bullet,100,331.7678,352.9223,0.461966,0.545697,0.455688,0.482297,0.618611,0.610035
2023-05_game_0005500,bullet,87,85.8232,67.806,0.444206,0.374674,0.542248,0.279453,0.531411,0.358088
2019-03_game_0007370,bullet,61,195.0433,236.5425,0.745927,0.321386,0.841199,0.157301,0.573241,0.204353
2019-02_game_0027851,bullet,80,221.2018,256.2355,0.304933,0.313877,0.224874,0.366463,0.336271,0.315901
2019-01_game_0023879,bullet,39,179.4849,176.875,0.73766,0.365967,0.155154,0.234148,0.442293,0.251226
2019-01_game_0011583,bullet,82,98.2291,205.4947,0.459217,0.526944,0.274136,0.492443,0.615517,0.699783
2019-01_game_0001124,bullet,26,132.8477,113.7597,0.403688,0.38846,0.066051,0.079372,0.256171,0.411639
2019-02_game_0006534,bullet,90,393.1854,225.531,0.329203,0.748171,0.289914,0.526772,0.318371,0.590947
2019-01_game_0018422,bullet,100,307.9609,284.6285,0.489552,0.435773,0.550118,0.351644,0.485374,0.365432
2019-03_game_0015781,bullet,70,88.7839,107.1066,0.333719,0.753925,0.299628,0.450994,0.350068,0.755232
2019-02_game_0025693,bullet,72,111.9101,112.8195,0.778525,0.33232,0.37291,0.220151,0.315647,0.652739
2019-02_game_0012197,bullet,54,97.6002,123.9312,0.70067,0.424764,0.408291,0.275409,0.219083,0.479726
2019-02_game_0025464,bullet,50,232.5791,205.1919,0.359041,0.792334,0.168952,0.874369,0.330312,0.857488
2019-03_game_0016483,bullet,49,392.7173,355.7347,0.225878,0.172061,0.237739,0.188676,0.569569,0.290571
2019-05_game_0012233,bullet,77,199.6762,111.5356,0.686238,0.59819,0.910159,0.185789,0.672125,0.18485
2019-06_game_0024398,bullet,63,342.1171,360.2201,0.780898,0.359081,0.941477,0.157735,0.589066,0.281631
2019-01_game_0019211,bullet,45,48.2286,135.2767,0.519519,0.372264,0.213177,0.216367,0.653108,0.184386
2019-03_game_0016808,bullet,55,94.195,78.9751,0.438252,0.620403,0.217402,0.428166,0.484873,0.367868
2019-02_game_0008587,bullet,77,150.5527,106.8299,0.831447,0.364984,0.792223,0.255351,0.760713,0.280493
2019-04_game_0002153,bullet,39,96.3082,73.4921,0.369555,0.30796,0.752284,0.128564,0.460711,0.1597
2019-05_game_0022503,bullet,72,580.382,538.2332,0.601464,0.402816,0.311916,0.398772,0.150127,0.459621
2019-06_game_0027532,bullet,97,436.4863,378.7111,0.620641,0.414139,0.53396,0.365713,0.525593,0.55488
2019-05_game_0006404,bullet,51,462.9867,460.2115,0.29772,0.612403,0.328014,0.342987,0.631283,0.281141
2023-05_game_0001645,bullet,57,200.2562,194.2407,0.444297,0.632373,0.379395,0.457682,0.80328,0.27247
2023-05_game_0026911,bullet,60,242.3129,204.3597,0.470427,0.659443,0.247324,0.262527,0.350335,0.438074
2019-02_game_0029674,bullet,67,87.412,109.179,0.678133,0.337438,0.888303,0.245672,0.384437,0.348604
2019-06_game_0004927,bullet,100,193.1104,464.2969,0.698803,0.409138,0.554388,0.340064,0.574459,0.646386
2023-05_game_0002180,bullet,75,390.5787,426.4786,0.818626,0.320981,0.920457,0.233439,0.674816,0.370514
2019-02_game_0011736,bullet,84,79.7419,124.6395,0.444394,0.363557,0.393829,0.400667,0.313796,0.491582
2019-04_game_0002487,bullet,76,534.5585,481.3224,0.427416,0.372418,0.366011,0.355654,0.300167,0.678562
2019-01_game_0023117,bullet,63,292.2219,284.7092,0.785384,0.61453,0.933181,0.192332,0.760511,0.393906
2019-02_game_0006325,bullet,48,68.5003,185.3682,0.392561,0.780766,0.253685,0.263732,0.319838,0.17454
2019-03_game_0025714,bullet,33,94.9685,95.0588,0.449059,0.302422,0.184185,0.179867,0.164568,0.166006
2019-06_game_0002694,bullet,60,138.086,103.1837,0.574228,0.652459,0.396366,0.347138,0.268585,0.792426
2019-01_game_0005658,bullet,84,136.6986,106.5892,0.336743,0.59642,0.301805,0.500165,0.461236,0.537591
2019-03_game_0012392,bullet,63,181.2635,432.3764,0.518243,0.486826,0.654454,0.292236,0.64419,0.443956
2019-06_game_0024856,bullet,51,141.2564,142.1039,0.742925,0.530126,0.29175,0.290872,0.796802,0.342475
2019-06_game_0015171,bullet,66,211.648,160.9937,0.832864,0.35584,0.700659,0.336574,0.419705,0.565279
2019-04_game_0001219,bullet,22,250.733,353.7508,0.163616,0.462633,0.048864,0.232947,0.132202,0.137934
2019-05_game_0009804,bullet,100,123.3746,154.3121,0.500275,0.420997,0.46517,0.820371,0.538351,0.556684
2019-05_game_0013894,bullet,70,310.9073,236.594,0.412419,0.51706,0.626218,0.430199,0.222775,0.547018
2019-03_game_0013736,bullet,55,375.072,384.9775,0.422809,0.596316,0.393259,0.262125,0.749819,0.200508
2019-05_game_0024998,bullet,53,331.0059,374.6282,0.390042,0.651994,0.298969,0.300016,0.760955,0.601441
2019-06_game_0029846,bullet,47,713.4649,707.8175,0.693906,0.554022,0.152328,0.14997,0.626909,0.391959
2019-03_game_0021289,blitz,100,163.1981,150.1007,0.524108,0.407784,0.36854,0.352116,0.538029,0.470675
2019-03_game_0001355,blitz,93,339.7657,276.9904,0.394818,0.578315,0.325242,0.43007,0.208125,0.269791
2019-06_game_0010084,blitz,100,397.4221,315.2813,0.494906,0.478605,0.425916,0.422354,0.459718,0.517397
2019-05_game_0003845,blitz,45,221.6453,229.1669,0.388032,0.377523,0.486713,0.159593,0.596701,0.355569
2019-01_game_0001068,blitz,56,230.195,203.1633,0.348224,0.753002,0.176836,0.68502,0.615188,0.548436
2019-05_game_0012545,blitz,58,334.343,318.9296,0.332005,0.621557,0.280331,0.276177,0.199777,0.519493
2019-05_game_0006489,blitz,69,301.365,303.3765,0.557218,0.390791,0.261394,0.277669,0.736138,0.272452
2019-01_game_0023316,blitz,100,243.8434,244.314,0.519921,0.454276,0.330673,0.646093,0.397019,0.426836
2019-04_game_0017552,blitz,80,192.4329,90.7958,0.590987,0.394479,0.369777,0.524296,0.312919,0.816496
2019-05_game_0003663,blitz,77,128.9841,127.5843,0.309982,0.760741,0.253378,0.515628,0.60281,0.640894
2023-05_game_0016811,blitz,57,696.5881,681.5098,0.568704,0.356421,0.177512,0.600553,0.754801,0.452913
2023-05_game_0003028,blitz,30,541.0532,528.5704,0.456565,0.385855,0.162427,0.614183,0.061153,0.521841
2019-05_game_0022928,blitz,37,306.2604,381.714,0.238713,0.185038,0.142006,0.139804,0.484995,0.208852
2023-05_game_0011916,blitz,68,222.2994,183.2996,0.597143,0.660253,0.2055,0.402993,0.322543,0.573415
2019-04_game_0019200,blitz,38,58.9683,53.4847,0.485562,0.40689,0.149669,0.466373,0.192028,0.412163
2019-04_game_0015784,blitz,59,542.6403,417.3729,0.59773,0.390959,0.294853,0.202692,0.450904,0.36602
2019-04_game_0014126,blitz,64,186.3242,200.544,0.479645,0.526891,0.446978,0.188697,0.572752,0.529612
2023-05_game_0008428,blitz,55,455.4583,458.1946,0.651522,0.379052,0.260308,0.302443,0.853211,0.428807
2019-02_game_0018945,blitz,72,256.1024,436.4111,0.796241,0.549403,0.283759,0.658626,0.545106,0.897128
2023-05_game_0020377,blitz,63,119.8103,112.4927,0.500179,0.41644,0.802747,0.230863,0.683585,0.381331
2019-02_game_0005093,blitz,35,195.2031,191.4214,0.259543,0.156371,0.178403,0.126443,0.283539,0.07544
2023-05_game_0027572,blitz,47,130.542,152.4756,0.470418,0.442475,0.329018,0.189366,0.707297,0.23124
2019-06_game_0026872,blitz,68,204.1992,192.0916,0.351532,0.790809,0.189176,0.926295,0.285405,0.558574
2023-05_game_0005473,blitz,50,123.1178,123.9139,0.528961,0.402543,0.21486,0.466812,0.159799,0.635722
2019-04_game_0007772,blitz,90,69.0603,103.9585,0.37458,0.641052,0.303174,0.391357,0.460998,0.557681
2019-01_game_0024838,blitz,60,351.1524,577.1444,0.349336,0.774697,0.367163,0.362132,0.318738,0.74496
2019-03_game_0023378,blitz,33,359.9686,356.2391,0.60678,0.374254,0.63746,0.107001,0.437232,0.137584
2023-05_game_0003579,blitz,79,167.3631,111.8928,0.368121,0.512349,0.626259,0.29943,0.62022,0.507072
2019-02_game_0013138,blitz,46,90.2899,372.2133,0.37971,0.523839,0.177549,0.794693,0.159557,0.551722
2019-03_game_0015065,blitz,100,537.0955,568.4288,0.395369,0.516417,0.427867,0.462624,0.317223,0.341626
2019-01_game_0012279,blitz,66,268.8178,242.6038,0.465118,0.399768,0.209728,0.482659,0.183309,0.760796
2019-05_game_0021722,blitz,55,169.8732,214.1459,0.581468,0.403618,0.201013,0.184234,0.76634,0.328446
2019-06_game_0007131,blitz,44,221.894,238.2173,0.601262,0.470815,0.156462,0.164527,0.10086,0.327682
2019-05_game_0011800,blitz,52,415.4838,277.757,0.460756,0.445702,0.21076,0.474645,0.234451,0.453071
2019-06_game_0006359,blitz,67,88.6193,82.5383,0.589087,0.355545,0.677087,0.254219,0.397428,0.563729
2019-05_game_0016662,blitz,57,593.482,625.4443,0.665964,0.555551,0.718481,0.266076,0.59739,0.292214
2019-03_game_0001044,blitz,48,351.4673,359.1259,0.536838,0.617847,0.287245,0.191445,0.37618,0.612809
2019-02_game_0005551,blitz,100,411.4268,312.5738,0.422776,0.422766,0.351983,0.402516,0.520155,0.690614
2023-05_game_0005785,blitz,62,366.4677,348.4061,0.355315,0.819695,0.189142,0.936645,0.215611,0.792673
2019-01_game_0025299,blitz,91,145.9626,268.7531,0.696853,0.337349,0.386413,0.283937,0.30702,0.308422
2019-02_game_0000584,blitz,100,337.2103,341.1805,0.353677,0.328309,0.512503,0.312782,0.311333,0.427556
2019-06_game_0000794,blitz,95,226.0424,349.9792,0.473802,0.419103,0.397153,0.370874,0.380717,0.35155
2019-02_game_0022111,blitz,58,232.3313,236.6496,0.397982,0.749561,0.200402,0.311877,0.130557,0.7834
2019-03_game_0008706,blitz,61,584.1415,660.1033,0.416024,0.41622,0.235171,0.23881,0.27704,0.146967
2019-02_game_0017440,blitz,42,697.9495,681.6734,0.541104,0.51304,0.194437,0.806084,0.069564,0.574189
2019-03_game_0000375,blitz,23,138.1615,133.4485,0.351829,0.203302,0.122532,0.058804,0.374838,0.027539
2019-04_game_0025492,blitz,38,236.9375,236.5819,0.348143,0.46724,0.112047,0.070724,0.130339,0.283984
2019-04_game_0005703,blitz,54,207.3433,185.4008,0.357832,0.704491,0.201072,0.407954,0.124133,0.73215
2019-04_game_0004760,blitz,66,426.2324,506.7066,0.328988,0.723019,0.196536,0.463989,0.303377,0.68329
2019-05_game_0001605,blitz,82,319.6007,337.7261,0.66916,0.360581,0.350444,0.361065,0.304835,0.522667
2019-03_game_0004179,blitz,32,215.5692,201.0762,0.364719,0.65915,0.101255,0.463868,0.19198,0.482457
2019-06_game_0029256,blitz,99,175.0049,171.4823,0.680017,0.418552,0.66474,0.314569,0.514761,0.483002
2019-06_game_0004509,blitz,45,385.093,328.7094,0.684049,0.287645,0.689758,0.244492,0.805828,0.523055
2019-03_game_0026091,blitz,68,281.2024,266.0637,0.407164,0.463133,0.320456,0.732133,0.111618,0.322235
2019-01_game_0025600,blitz,58,279.4661,282.7313,0.557542,0.499245,0.245101,0.569727,0.244736,0.642688
2019-03_game_0008018,blitz,88,157.6351,190.8049,0.383977,0.504326,0.348966,0.4098,0.410037,0.669008
2023-05_game_0027868,blitz,92,88.0235,93.2145,0.420425,0.583691,0.263543,0.626336,0.645993,0.866006
2019-03_game_0023565,blitz,38,279.4584,324.1613,0.510924,0.4199,0.143425,0.175188,0.12114,0.431389
2019-02_game_0025207,blitz,59,27.1547,165.861,0.601915,0.368017,0.532141,0.307424,0.363141,0.20041
2019-04_game_0029603,blitz,46,105.7936,56.5854,0.376407,0.648851,0.138637,0.901496,0.278328,0.735872
2019-05_game_0021452,blitz,56,225.3679,515.88,0.417508,0.507162,0.212035,0.738816,0.234014,0.865221
2019-03_game_0004947,blitz,77,196.5842,165.1633,0.666873,0.32119,0.511407,0.336341,0.886459,0.552542
2019-01_game_0020301,blitz,61,371.3346,370.1274,0.796594,0.308042,0.82408,0.178354,0.82352,0.780597
2023-05_game_0022950,blitz,100,349.1787,403.3863,0.460409,0.563021,0.400667,0.529497,0.559431,0.629541
2019-05_game_0012558,blitz,39,376.6565,410.0463,0.551055,0.365556,0.196955,0.133299,0.357072,0.068121
2019-04_game_0024409,blitz,51,76.6035,65.0241,0.191061,0.254553,0.177586,0.179223,0.259634,0.102296
2019-05_game_0010853,blitz,61,482.8647,501.3304,0.688774,0.443251,0.44112,0.213375,0.65919,0.224502
2019-02_game_0027701,blitz,33,70.5715,70.2216,0.475176,0.279869,0.202561,0.095038,0.55646,0.090331
2019-05_game_0008748,blitz,37,367.3571,400.0498,0.457309,0.444478,0.200856,0.250676,0.693236,0.219261
2019-01_game_0029382,blitz,100,363.9409,385.9633,0.513415,0.538806,0.328627,0.57977,0.58836,0.600361
2019-04_game_0010136,blitz,100,225.5414,324.6057,0.336975,0.385522,0.406084,0.564068,0.31633,0.604062
2019-03_game_0006241,blitz,39,237.4218,267.1663,0.408418,0.405726,0.175143,0.176734,0.360922,0.212832
2019-06_game_0029212,blitz,60,355.311,355.4101,0.613877,0.372566,0.266263,0.449339,0.309725,0.326776
2019-01_game_0001002,blitz,31,402.011,406.258,0.548909,0.28442,0.452507,0.085374,0.399685,0.026473
2019-01_game_0005416,blitz,42,648.6398,688.7705,0.403477,0.718352,0.181643,0.308433,0.138591,0.803483
2019-01_game_0015103,blitz,100,605.1066,648.1276,0.465606,0.622018,0.348065,0.894558,0.544474,0.62511
2019-01_game_0011878,blitz,34,387.3473,370.6334,0.289076,0.743075,0.162459,0.602265,0.281077,0.587712
2019-03_game_0027801,blitz,45,354.0901,426.5337,0.404041,0.673057,0.265413,0.175785,0.717676,0.23513
2019-05_game_0028637,blitz,91,715.4435,589.9724,0.404029,0.324493,0.676037,0.441613,0.484602,0.507313
2019-06_game_0023104,blitz,100,567.9048,586.6431,0.434287,0.48064,0.331237,0.397447,0.4154,0.48829
2019-04_game_0001046,blitz,67,76.8872,90.8653,0.419523,0.319603,0.250077,0.322636,0.349069,0.432709
2019-06_game_0019772,blitz,21,265.7191,177.0887,0.187357,0.068565,0.047721,0.035905,0.053121,0.030771
2019-06_game_0011647,blitz,57,230.8461,243.9832,0.438893,0.358759,0.432553,0.233541,0.564373,0.54257
2019-03_game_0005096,blitz,52,241.0781,247.6268,0.33122,0.602542,0.223279,0.398682,0.504674,0.864853
2019-05_game_0001993,blitz,100,174.5684,114.4876,0.369693,0.429179,0.341477,0.436777,0.277116,0.278315
2019-06_game_0010347,blitz,40,383.6962,408.3344,0.684634,0.392276,0.113097,0.180431,0.168057,0.688554
2019-05_game_0010214,blitz,80,405.1929,399.98,0.507254,0.348439,0.313815,0.369053,0.379692,0.485286
2023-05_game_0024574,blitz,46,127.1183,138.2773,0.554232,0.468829,0.194289,0.650553,0.222479,0.557398
2019-02_game_0000940,blitz,46,323.9372,325.7744,0.43639,0.616078,0.179128,0.402379,0.231935,0.497966
2019-01_game_0009439,blitz,89,444.1225,422.1858,0.378168,0.55628,0.388181,0.385708,0.500002,0.289238
2019-03_game_0012696,blitz,57,130.0014,267.4354,0.781217,0.359077,0.789816,0.189115,0.943405,0.618166
2019-06_game_0008331,blitz,51,149.9946,148.2647,0.549668,0.426383,0.882286,0.185584,0.55773,0.393794
2019-02_game_0005026,blitz,64,301.4847,352.7972,0.675593,0.373147,0.301457,0.228595,0.251361,0.638493
2019-04_game_0026059,blitz,57,118.1005,156.2306,0.283186,0.247672,0.291347,0.190657,0.827286,0.237264
2019-06_game_0022809,blitz,100,219.595,345.3381,0.423126,0.517889,0.339105,0.844149,0.701829,0.544452
2019-04_game_0027999,blitz,27,304.3405,287.3327,0.327309,0.301043,0.103031,0.075439,0.445461,0.052649
2023-05_game_0013434,blitz,79,95.4503,107.8364,0.79786,0.418348,0.654356,0.271833,0.665921,0.23239
2019-02_game_0003465,blitz,81,302.3785,235.0894,0.333017,0.696077,0.368591,0.486448,0.552891,0.576678
2023-05_game_0002951,blitz,29,475.6538,506.1085,0.263697,0.225889,0.11312,0.133999,0.480767,0.078133
2019-01_game_0011866,blitz,86,430.5795,430.5878,0.353794,0.715254,0.287116,0.674391,0.455471,0.840241
2019-02_game_0028495,blitz,100,183.9958,295.4659,0.473853,0.47551,0.600745,0.362972,0.649238,0.518839
2019-03_game_0016691,blitz,62,93.3496,117.6887,0.309056,0.706954,0.199219,0.779592,0.298314,0.649574
2019-05_game_0017109,blitz,41,427.9471,470.654,0.290312,0.39765,0.191321,0.174341,0.676999,0.345354
2023-05_game_0002921,blitz,78,259.593,255.5245,0.375787,0.71666,0.381912,0.514817,0.572313,0.727522
2019-03_game_0004372,blitz,21,146.5015,150.3357,0.082872,0.045411,0.038084,0.03042,0.221929,0.068114
2019-02_game_0008811,blitz,39,257.8135,279.6167,0.265369,0.180528,0.169491,0.166712,0.472092,0.154155
2019-03_game_0001919,blitz,88,248.598,345.8316,0.382194,0.373146,0.271767,0.25915,0.301172,0.611505
2019-02_game_0013184,blitz,100,175.6557,195.3845,0.591809,0.587533,0.776737,0.368426,0.502968,0.653029
2019-06_game_0018205,blitz,32,465.6652,461.3271,0.396941,0.546212,0.097839,0.504034,0.044933,0.642062
2019-02_game_0028381,blitz,47,449.886,462.8169,0.220786,0.226173,0.195587,0.165092,0.285046,0.316424
2023-05_game_0016627,blitz,36,139.6132,143.8738,0.352808,0.578941,0.135266,0.089869,0.253034,0.714548
2019-04_game_0007262,blitz,66,297.3714,280.3263,0.56555,0.483576,0.235682,0.580466,0.3465,0.683635
2019-05_game_0018487,blitz,100,204.3871,232.8656,0.477472,0.674538,0.367654,0.675289,0.640799,0.541032
2019-01_game_0004525,blitz,44,388.2169,338.9867,0.341968,0.699071,0.343879,0.409426,0.506378,0.565859
2019-04_game_0021758,blitz,71,155.9509,188.5631,0.337686,0.36304,0.855016,0.244221,0.329664,0.193226
2023-05_game_0025835,blitz,52,481.3822,126.6264,0.399665,0.637829,0.22418,0.265928,0.075979,0.569643
2019-04_game_0026046,blitz,100,322.5979,310.0413,0.44739,0.460496,0.369005,0.606367,0.338956,0.410915
2019-02_game_0009013,blitz,56,268.8055,237.4979,0.35761,0.483978,0.173615,0.27362,0.190536,0.484547
2019-01_game_0021827,blitz,54,195.3483,164.9168,0.390689,0.362677,0.145286,0.143575,0.554437,0.429331
2019-05_game_0009282,blitz,63,287.3032,303.4287,0.808985,0.294659,0.886491,0.160531,0.691992,0.282532
2019-03_game_0024290,blitz,41,251.9171,227.4988,0.570576,0.448931,0.341508,0.195197,0.760555,0.156159
2019-05_game_0018490,blitz,49,271.0551,136.1994,0.358189,0.394657,0.589683,0.223475,0.689482,0.181204
2019-06_game_0023379,blitz,40,182.4346,307.5519,0.181784,0.218156,0.100898,0.13386,0.311965,0.471622
2019-03_game_0006404,blitz,95,315.4495,316.1746,0.350976,0.311598,0.424134,0.408282,0.41842,0.41672
2019-06_game_0003652,blitz,42,235.3013,245.7576,0.487227,0.542612,0.133298,0.738139,0.082066,0.783321
2019-03_game_0003176,blitz,40,573.7953,606.4189,0.405392,0.547102,0.168172,0.727722,0.292467,0.658143
2019-06_game_0028828,blitz,68,292.4686,381.9325,0.306682,0.839139,0.23239,0.867557,0.534212,0.793725
2019-04_game_0018139,blitz,35,590.0652,508.3073,0.620574,0.336579,0.821599,0.116654,0.36905,0.092529
2019-04_game_0012263,blitz,49,198.8201,239.7389,0.485836,0.552544,0.471607,0.182104,0.367623,0.14106
2019-04_game_0014795,blitz,71,219.3687,242.596,0.390129,0.402975,0.507136,0.282922,0.151626,0.221298
2019-01_game_0028966,blitz,100,280.9857,285.1692,0.58027,0.438839,0.568847,0.448771,0.253771,0.422937
2019-04_game_0001297,blitz,100,190.9325,261.289,0.386551,0.540796,0.34782,0.543963,0.495099,0.601586
2023-05_game_0024865,blitz,54,661.1375,568.722,0.309731,0.54606,0.220631,0.522648,0.216377,0.667272
2019-06_game_0022935,blitz,63,62.0031,81.2822,0.385482,0.56691,0.750496,0.242441,0.693371,0.192338
2023-05_game_0022370,blitz,46,532.1399,501.6319,0.470227,0.533584,0.156065,0.558573,0.08034,0.704702
2019-05_game_0003462,blitz,53,343.3894,292.2621,0.610674,0.404765,0.347247,0.210542,0.661056,0.152749
2019-02_game_0023900,blitz,60,197.9165,74.2901,0.501661,0.62247,0.214647,0.28844,0.363736,0.754246
2019-05_game_0023091,blitz,45,308.4133,304.8904,0.338027,0.734264,0.167867,0.477327,0.836248,0.289811
2019-02_game_0005750,blitz,84,352.3337,329.2967,0.621989,0.418972,0.162479,0.539093,0.299717,0.421385
2019-03_game_0015106,blitz,23,241.1399,191.5668,0.209544,0.165895,0.082615,0.054936,0.39103,0.106499
2023-05_game_0008092,blitz,79,152.5941,120.1857,0.63852,0.354674,0.426882,0.376154,0.618501,0.558313
2023-05_game_0011275,blitz,100,131.3317,128.8644,0.520151,0.408649,0.607296,0.427563,0.415641,0.418528
2019-04_game_0013946,blitz,100,205.7412,231.7844,0.532817,0.538417,0.353114,0.702027,0.510199,0.838949
2019-04_game_0026041,blitz,61,365.9255,368.349,0.691581,0.416913,0.220638,0.326632,0.401108,0.356799
2019-06_game_0003608,blitz,29,438.1737,525.1558,0.211973,0.191666,0.112458,0.082993,0.336039,0.087215
2023-05_game_0026073,blitz,66,136.767,148.6318,0.316455,0.820538,0.159418,0.921243,0.183782,0.597198
2019-05_game_0003261,blitz,99,293.2431,301.6296,0.654588,0.475191,0.688057,0.355538,0.772527,0.537029
2023-05_game_0012264,blitz,61,171.9318,158.5746,0.419681,0.824885,0.30615,0.530087,0.232079,0.228348
2019-06_game_0024261,blitz,51,385.5309,227.6199,0.806739,0.372131,0.449916,0.232494,0.936063,0.261008
2019-01_game_0014427,blitz,39,944.7937,988.8557,0.455652,0.569947,0.145104,0.181845,0.530475,0.485717
2019-04_game_0009174,blitz,49,195.589,290.2624,0.427318,0.348169,0.65803,0.177436,0.766888,0.218704
2019-01_game_0017018,blitz,54,207.4975,235.0098,0.431592,0.598399,0.191145,0.493216,0.375199,0.642011
2019-05_game_0019185,blitz,69,286.8125,255.9362,0.383504,0.474313,0.259743,0.242653,0.707001,0.2677
2023-05_game_0020944,blitz,37,377.0547,389.4085,0.533187,0.338214,0.719121,0.19226,0.602733,0.209821
2019-05_game_0018127,blitz,76,288.3062,251.0465,0.773556,0.324395,0.379366,0.31741,0.462357,0.335093
2019-01_game_0010177,blitz,75,357.8594,393.7136,0.710264,0.362103,0.646427,0.253274,0.693719,0.443603
2019-01_game_0027516,blitz,28,196.7298,196.842,0.391863,0.434925,0.102337,0.617415,0.18449,0.654134
2019-03_game_0028934,blitz,41,272.2998,339.7264,0.398669,0.552111,0.347511,0.16181,0.746685,0.130308
2019-02_game_0010276,blitz,52,152.1985,175.9308,0.409577,0.357537,0.179397,0.505462,0.299728,0.452628
2023-05_game_0028211,blitz,100,251.0435,245.5603,0.444852,0.602954,0.492992,0.491769,0.501749,0.494397
2019-01_game_0013790,blitz,49,119.4142,155.0035,0.41124,0.45577,0.521771,0.164095,0.669389,0.300216
2019-06_game_0013356,blitz,52,273.2313,341.7886,0.37759,0.254022,0.367212,0.287675,0.227656,0.633785
2019-03_game_0003295,blitz,51,88.11,114.8153,0.237709,0.223567,0.272287,0.190206,0.675747,0.14673
2023-05_game_0013190,blitz,100,100.2432,99.3683,0.509679,0.405161,0.725061,0.339325,0.491044,0.683392
2019-02_game_0002079,blitz,54,169.198,163.3081,0.526905,0.498841,0.249697,0.659439,0.261584,0.675148
2019-06_game_0013985,blitz,45,137.2365,160.9713,0.602736,0.366488,0.326652,0.274273,0.579208,0.307901
2019-01_game_0027561,blitz,51,149.4953,151.0702,0.602854,0.436359,0.471076,0.292667,0.656958,0.270495
2019-01_game_0004211,blitz,47,55.6998,45.4996,0.680549,0.467696,0.74897,0.141783,0.690388,0.177001
2019-03_game_0016139,blitz,69,242.0227,225.343,0.419752,0.506426,0.590799,0.233803,0.48646,0.182609
2019-04_game_0024119,blitz,96,233.0807,271.6847,0.60489,0.376553,0.414438,0.439693,0.535037,0.504421
2019-05_game_0002888,blitz,37,106.3655,97.953,0.19706,0.165319,0.12959,0.121765,0.44019,0.121546
2019-01_game_0013969,blitz,83,202.3943,204.7699,0.423787,0.300052,0.400672,0.325445,0.568709,0.370983
2019-06_game_0029073,blitz,62,338.4998,347.4932,0.354796,0.870614,0.152129,0.833995,0.285014,0.818032
2019-03_game_0008769,blitz,73,419.5704,426.3643,0.70106,0.360469,0.811684,0.278023,0.914864,0.497501
2019-06_game_0000867,blitz,75,212.1682,261.4834,0.365727,0.589186,0.291336,0.344946,0.252072,0.733898
2019-03_game_0012766,blitz,53,47.8025,98.8022,0.738999,0.304814,0.654437,0.177568,0.777524,0.14661
2019-01_game_0017969,blitz,59,156.9558,158.2365,0.455986,0.587112,0.513052,0.2829,0.382465,0.399532
2019-06_game_0008490,blitz,77,342.4376,355.7224,0.415331,0.648914,0.869714,0.247471,0.788471,0.608034
2019-01_game_0001735,blitz,44,216.7423,221.838,0.624121,0.391068,0.186079,0.32252,0.208614,0.575355
2019-06_game_0000196,blitz,88,297.4925,114.7805,0.364391,0.507734,0.239385,0.657703,0.299322,0.500268
2019-06_game_0018926,blitz,57,252.6073,236.3365,0.789994,0.374623,0.164463,0.246364,0.585591,0.264017
2019-05_game_0017049,blitz,60,222.1218,235.988,0.361569,0.618939,0.180704,0.465602,0.351002,0.765982
2019-01_game_0021657,blitz,66,316.09,333.435,0.360453,0.730655,0.156878,0.953268,0.250793,0.460769
2019-04_game_0004590,blitz,100,297.8593,297.8499,0.570196,0.494919,0.370508,0.497906,0.271425,0.62452
2019-03_game_0008104,blitz,100,125.4468,134.4516,0.369192,0.425414,0.320448,0.754402,0.308349,0.388627
2019-06_game_0029246,blitz,67,78.1909,158.4183,0.406512,0.368249,0.581413,0.224992,0.523205,0.287288
2023-05_game_0023886,blitz,47,298.1169,326.2116,0.779161,0.347529,0.264447,0.214363,0.74552,0.163298
2019-06_game_0003069,blitz,100,143.4283,198.6355,0.557603,0.615845,0.365638,0.578131,0.325764,0.648243
2019-02_game_0017312,blitz,52,104.2006,96.283,0.250374,0.348093,0.175495,0.332996,0.129497,0.368108
2019-05_game_0022584,blitz,35,268.947,263.1194,0.314468,0.174749,0.206252,0.122862,0.532635,0.154018
2019-03_game_0024302,blitz,74,146.149,154.4033,0.367248,0.718744,0.199749,0.926498,0.590196,0.930947
2019-03_game_0018259,blitz,92,254.7712,261.2207,0.553185,0.358512,0.606116,0.351653,0.537979,0.52834
2023-05_game_0008796,blitz,73,645.3873,340.8316,0.702446,0.318566,0.878051,0.282867,0.831515,0.371358
2019-02_game_0025495,blitz,100,193.86,379.6074,0.407641,0.629265,0.394984,0.37362,0.528846,0.957414
2019-04_game_0021752,blitz,30,200.5269,196.4776,0.218411,0.211836,0.140849,0.143149,0.08461,0.410775
2019-04_game_0010908,blitz,82,142.2119,200.2852,0.488825,0.396949,0.351801,0.376488,0.50578,0.382719
2023-05_game_0019608,blitz,100,207.576,213.1363,0.411851,0.53721,0.399964,0.53531,0.493028,0.689515
2019-01_game_0012794,blitz,56,309.0497,318.291,0.297286,0.227009,0.232881,0.248222,0.282906,0.353422
2019-06_game_0024853,blitz,61,69.101,68.8234,0.667777,0.418481,0.499151,0.193525,0.518647,0.469544
2019-06_game_0006011,blitz,84,164.4718,169.6554,0.831105,0.383917,0.605904,0.396386,0.901515,0.48939
2019-06_game_0001653,blitz,100,151.247,168.4468,0.386284,0.497644,0.397317,0.402947,0.312358,0.35138
2019-03_game_0009330,blitz,98,132.6218,141.3522,0.480792,0.556592,0.505965,0.488151,0.507397,0.744096
2019-04_game_0000889,blitz,52,699.2766,765.6459,0.462146,0.606414,0.277543,0.680948,0.210116,0.696021
2019-04_game_0006730,blitz,100,258.879,198.1414,0.436498,0.620554,0.429424,0.427065,0.381998,0.369886
2019-02_game_0019113,blitz,72,76.5874,79.7669,0.34286,0.724882,0.216491,0.819856,0.296332,0.780527
2019-03_game_0021621,blitz,49,439.3047,447.22,0.800256,0.451509,0.677018,0.187306,0.787775,0.073328
2019-06_game_0008781,blitz,46,235.5802,257.3443,0.559804,0.480563,0.191573,0.756019,0.315879,0.665362
2023-05_game_0018667,blitz,58,250.5596,250.887,0.514468,0.540303,0.197821,0.238063,0.185097,0.394593
2019-06_game_0016612,blitz,100,217.7586,228.7232,0.598292,0.489917,0.43249,0.561929,0.367617,0.369482
2019-02_game_0004517,blitz,100,201.1866,104.2438,0.503991,0.555403,0.589214,0.324202,0.360394,0.3765
2019-02_game_0011800,blitz,74,414.2916,286.3484,0.589745,0.30086,0.19299,0.339228,0.456169,0.544122
2019-06_game_0016543,blitz,26,342.7237,518.0384,0.240743,0.292451,0.058703,0.117658,0.02978,0.121161
2023-05_game_0014274,blitz,98,148.72,145.9402,0.357871,0.734355,0.312304,0.871115,0.463607,0.782637
2019-03_game_0013930,blitz,100,222.048,196.9818,0.307903,0.327004,0.355028,0.368906,0.611452,0.69775
2023-05_game_0009876,blitz,49,135.2864,134.5991,0.283629,0.223739,0.194099,0.157837,0.412895,0.077195
2019-04_game_0029789,blitz,57,165.4584,166.409,0.353938,0.34924,0.900976,0.263401,0.773667,0.276113
2019-05_game_0016235,blitz,66,247.0569,53.972,0.333612,0.789969,0.195555,0.470841,0.385744,0.91569
2019-02_game_0025628,blitz,25,565.7808,539.2929,0.360564,0.198974,0.069577,0.085797,0.252563,0.238661
2019-06_game_0021243,blitz,100,114.0063,117.1052,0.489117,0.440703,0.450259,0.477974,0.554144,0.425435
2019-02_game_0027971,blitz,58,313.6588,284.3396,0.389637,0.458238,0.204295,0.656102,0.383383,0.841877
2019-03_game_0018793,blitz,65,210.1158,187.8334,0.786427,0.310945,0.945236,0.166979,0.660495,0.310549
2019-05_game_0018418,blitz,61,307.9992,169.0362,0.486027,0.425147,0.651726,0.276455,0.551135,0.421697
2019-03_game_0011289,blitz,62,220.7686,205.0396,0.327884,0.785578,0.218208,0.250009,0.180567,0.737452
2019-04_game_0021851,blitz,61,57.0117,63.1021,0.402627,0.67762,0.241462,0.282291,0.398665,0.28431
2019-02_game_0007105,blitz,56,501.4789,454.9511,0.259888,0.249925,0.205571,0.215004,0.262256,0.18649
2019-03_game_0013725,blitz,51,264.5996,279.9138,0.726358,0.318209,0.909758,0.133342,0.835386,0.295707
2019-05_game_0002211,blitz,100,583.9857,589.7024,0.449905,0.640436,0.355143,0.523996,0.759753,0.766648
2023-05_game_0007050,blitz,57,125.4442,51.5628,0.580753,0.413478,0.698806,0.215191,0.351412,0.324334
2019-03_game_0027933,blitz,100,327.4877,294.2908,0.674925,0.422493,0.699649,0.530459,0.494973,0.725206
2023-05_game_0015859,blitz,48,484.5416,479.0918,0.675917,0.69581,0.35575,0.330164,0.333193,0.612358
2019-06_game_0013789,blitz,57,123.5946,177.9218,0.512069,0.394104,0.400254,0.294381,0.427806,0.257886
2019-04_game_0023475,blitz,100,367.6497,373.2072,0.398472,0.373555,0.552728,0.531759,0.396587,0.393194
2019-01_game_0025421,blitz,100,171.4267,188.578,0.474239,0.387966,0.453467,0.346593,0.58154,0.367275
2019-04_game_0016844,blitz,22,203.5402,194.3892,0.122233,0.149078,0.046385,0.059362,0.028559,0.08598
2019-03_game_0015525,blitz,35,152.1862,151.6007,0.63777,0.293156,0.413584,0.125035,0.595856,0.136599
2019-04_game_0001903,blitz,100,201.3761,185.5615,0.47734,0.488104,0.22263,0.7794,0.637456,0.399953
2019-03_game_0012117,blitz,68,233.7019,232.871,0.424953,0.636427,0.405733,0.472738,0.472315,0.820825
2019-04_game_0028492,blitz,35,147.0248,145.8596,0.477004,0.451632,0.143502,0.190211,0.383657,0.115196
2019-02_game_0002909,blitz,64,152.6317,266.3887,0.366887,0.255356,0.302914,0.257237,0.852614,0.942825
2019-06_game_0006414,blitz,52,87.6437,87.8289,0.539306,0.268004,0.201016,0.238478,0.319651,0.619243
2019-01_game_0012738,blitz,56,86.8189,85.9784,0.417495,0.540776,0.202058,0.738645,0.107022,0.746976
2023-05_game_0020524,blitz,72,195.6796,195.0083,0.489943,0.363222,0.236216,0.477997,0.466591,0.569881
2019-04_game_0013724,blitz,29,311.5565,85.2322,0.374142,0.357437,0.146777,0.157843,0.712483,0.140208
2019-01_game_0014795,blitz,100,280.0811,381.4181,0.425638,0.521229,0.402511,0.355345,0.356341,0.434211
2019-05_game_0009142,blitz,79,302.2533,331.704,0.822065,0.3853,0.303761,0.407694,0.732687,0.388664
2023-05_game_0019615,blitz,42,1091.0065,1274.4073,0.584733,0.700863,0.187526,0.29143,0.08947,0.64001
2019-03_game_0001514,blitz,97,269.5332,323.6741,0.492102,0.433381,0.447208,0.356643,0.253597,0.290525
2019-01_game_0014071,blitz,69,398.9222,337.4989,0.341929,0.785531,0.260516,0.412259,0.589101,0.482068
2019-06_game_0020855,blitz,50,480.2677,496.1208,0.392452,0.784103,0.184903,0.828278,0.165839,0.876993
2023-05_game_0001143,blitz,100,261.7401,251.3258,0.691196,0.478431,0.727627,0.4531,0.71972,0.636064
2019-06_game_0001643,blitz,74,287.8897,308.8068,0.564401,0.362591,0.384974,0.439366,0.401435,0.826602
2019-01_game_0016123,blitz,53,99.5389,87.8396,0.72956,0.350773,0.910961,0.159861,0.67426,0.204848
2019-05_game_0020514,blitz,100,170.1987,212.231,0.619986,0.432272,0.593175,0.446959,0.370937,0.366525
2019-06_game_0003668,blitz,56,68.1166,62.459,0.324636,0.797378,0.411361,0.349216,0.329995,0.485659
2019-03_game_0002280,blitz,100,591.6578,572.6443,0.553872,0.379469,0.400739,0.397332,0.665709,0.638242
2019-02_game_0008532,blitz,40,239.7488,230.5298,0.1913,0.297678,0.113994,0.177415,0.483302,0.756023
2019-01_game_0008548,blitz,57,390.1199,184.9558,0.539593,0.340143,0.675831,0.343538,0.740194,0.346856
2019-05_game_0020665,blitz,100,956.5266,917.1462,0.576523,0.4762,0.431642,0.407407,0.554261,0.584716
2023-05_game_0010136,blitz,64,552.0026,582.6614,0.329029,0.844598,0.186566,0.863473,0.221338,0.355581
2019-02_game_0018258,blitz,96,306.2827,505.5641,0.651794,0.435861,0.266248,0.425465,0.731698,0.855121
2019-02_game_0004149,blitz,26,426.8906,496.4341,0.369304,0.442654,0.084157,0.590506,0.03843,0.459127
2019-05_game_0002079,blitz,100,499.1977,479.5253,0.472818,0.603017,0.327015,0.716281,0.627819,0.704205
2019-05_game_0026105,blitz,100,364.2678,370.877,0.538851,0.392544,0.802334,0.34863,0.685753,0.746829
2019-02_game_0014083,blitz,100,411.4572,195.4506,0.451086,0.420586,0.581599,0.380545,0.496054,0.611627
2019-02_game_0029362,blitz,28,597.4974,612.5354,0.349208,0.446877,0.050891,0.095339,0.140744,0.273235
2019-06_game_0005002,blitz,100,228.8566,189.3044,0.4475,0.414136,0.610637,0.477031,0.471264,0.405942
2019-06_game_0001281,blitz,100,331.4525,287.3234,0.451782,0.485015,0.317073,0.51673,0.343697,0.355666
2019-06_game_0026635,blitz,73,275.5731,340.1042,0.674934,0.339664,0.864657,0.216246,0.769695,0.442536
2019-04_game_0017514,blitz,50,200.4847,203.2277,0.357798,0.796039,0.195387,0.786264,0.243224,0.812533
2019-05_game_0014171,blitz,100,239.6332,239.1727,0.492399,0.413767,0.59964,0.29788,0.545076,0.35256
2019-02_game_0029041,blitz,58,389.0147,336.7617,0.407091,0.572265,0.191035,0.727508,0.201202,0.712167
2019-04_game_0005968,blitz,66,364.7769,354.016,0.52327,0.381861,0.291966,0.427846,0.394751,0.702793
2019-03_game_0012448,blitz,100,205.8621,197.8806,0.62537,0.373726,0.57863,0.364995,0.612596,0.647537
2019-04_game_0011072,blitz,73,257.3745,251.7424,0.63318,0.363319,0.343767,0.279765,0.834244,0.463412
2019-06_game_0002620,blitz,88,430.1499,367.413,0.436888,0.71826,0.426169,0.474274,0.417472,0.776996
2019-02_game_0012327,blitz,54,184.7857,139.6929,0.361736,0.718072,0.198537,0.435865,0.397827,0.741823
2019-04_game_0001685,blitz,37,638.961,531.0862,0.691716,0.49674,0.225975,0.144766,0.780126,0.426945
2019-05_game_0019411,blitz,94,288.8208,293.6619,0.442931,0.708693,0.475859,0.235216,0.559261,0.558563
2019-01_game_0016136,blitz,31,322.9963,289.3034,0.440375,0.320118,0.266074,0.112263,0.738071,0.059002
2019-02_game_0025959,blitz,59,274.1682,36.5907,0.59276,0.447878,0.622178,0.175039,0.520985,0.117263
2019-04_game_0001456,blitz,46,448.1002,591.3926,0.252823,0.302238,0.342111,0.265867,0.316577,0.587687
2023-05_game_0014737,blitz,78,171.7962,169.9853,0.686366,0.596758,0.312207,0.339622,0.730518,0.806505
2019-02_game_0026403,blitz,100,231.4209,225.2149,0.387613,0.505968,0.399329,0.508056,0.610451,0.77633
2019-02_game_0021505,blitz,100,250.7321,292.0793,0.578937,0.457167,0.417549,0.370982,0.461892,0.49051
2019-01_game_0002002,blitz,49,119.2598,149.2777,0.256553,0.256905,0.30722,0.224974,0.640868,0.238938
2019-06_game_0017162,blitz,27,171.2986,80.9706,0.387232,0.395786,0.550649,0.078896,0.61838,0.213601
2019-05_game_0006131,blitz,99,129.2124,119.3173,0.583658,0.365281,0.882812,0.264883,0.542213,0.465422
2019-06_game_0021138,blitz,64,353.4562,495.9316,0.720218,0.465884,0.349559,0.417798,0.322697,0.799387
2019-06_game_0008145,blitz,39,524.1779,490.6996,0.656768,0.356006,0.648707,0.171686,0.502022,0.168535
2019-06_game_0004369,blitz,52,183.7525,215.9574,0.44764,0.454577,0.185563,0.595874,0.474319,0.5144
2019-04_game_0020276,blitz,97,358.7975,345.8459,0.364749,0.377264,0.448883,0.397247,0.73055,0.645147
2019-01_game_0017289,blitz,73,391.2793,381.2067,0.622213,0.382226,0.770915,0.206525,0.607719,0.19245
2019-02_game_0025620,blitz,21,1367.2495,1346.7939,0.28971,0.12007,0.078876,0.045093,0.588635,0.28551
2019-03_game_0018576,blitz,52,536.7042,519.319,0.314132,0.70432,0.225864,0.371776,0.58258,0.644305
2019-02_game_0019247,blitz,68,314.4301,346.8131,0.401301,0.720659,0.187113,0.942699,0.344385,0.71042
2019-06_game_0022735,blitz,49,410.9599,219.8345,0.281459,0.294461,0.259743,0.200214,0.611634,0.166884
2019-06_game_0026801,blitz,93,447.3037,444.9633,0.818288,0.400426,0.503337,0.291878,0.546901,0.158657
2019-01_game_0016094,blitz,84,226.6977,226.9348,0.360854,0.671593,0.332106,0.406829,0.526511,0.715764
2019-03_game_0028295,blitz,48,252.23,247.6786,0.358969,0.634836,0.14506,0.436092,0.375283,0.726249
2019-03_game_0029052,blitz,99,435.8386,425.2851,0.648624,0.355625,0.544769,0.288284,0.711799,0.5802
2019-02_game_0029038,blitz,100,248.7885,251.9496,0.496854,0.408782,0.432706,0.382366,0.470509,0.532459
2023-05_game_0013364,blitz,26,305.352,526.405,0.358038,0.260348,0.065268,0.111626,0.136967,0.242229
2019-05_game_0025371,blitz,38,307.5848,357.9069,0.45184,0.63254,0.185175,0.299947,0.105107,0.407077
2023-05_game_0019634,blitz,33,148.8581,145.2404,0.430918,0.298222,0.296324,0.120174,0.584137,0.073815
2019-03_game_0012266,blitz,87,335.1553,283.5838,0.629238,0.734122,0.240611,0.500978,0.365773,0.31707
2023-05_game_0003022,blitz,20,374.9055,322.6653,0.097294,0.101046,0.044741,0.083654,0.041697,0.121578
2019-03_game_0001253,blitz,90,168.101,165.0634,0.393943,0.396388,0.40014,0.475454,0.498001,0.513451
2019-06_game_0014623,blitz,26,315.6158,400.752,0.151403,0.265868,0.055638,0.07224,0.090204,0.167072
2019-01_game_0021276,blitz,39,378.6247,385.1302,0.788534,0.30987,0.541796,0.119194,0.617321,0.304285
2019-04_game_0022580,blitz,79,189.0595,236.3139,0.362603,0.585141,0.287064,0.483097,0.809937,0.198812
2019-05_game_0015068,blitz,54,199.3374,211.673,0.492533,0.660324,0.405654,0.217865,0.368631,0.661137
2019-03_game_0013385,blitz,40,212.1026,252.7713,0.263598,0.255331,0.128833,0.218688,0.191895,0.558831
2019-06_game_0018110,blitz,82,167.2891,169.8161,0.337982,0.618016,0.348576,0.581019,0.278807,0.672667
2023-05_game_0026363,blitz,86,144.5409,144.7485,0.447114,0.495093,0.365448,0.627551,0.175748,0.266068
2019-05_game_0000991,blitz,37,398.4568,389.4743,0.504478,0.415966,0.369015,0.159121,0.641623,0.095878
2019-06_game_0005360,blitz,100,251.4304,273.0723,0.440985,0.400913,0.590273,0.347416,0.336958,0.381506
2019-05_game_0019731,blitz,50,374.7091,355.7499,0.335627,0.851942,0.219962,0.478462,0.205682,0.80124
2019-01_game_0020505,blitz,33,344.2746,367.9632,0.675987,0.230688,0.307294,0.145708,0.468749,0.231986
2019-05_game_0013447,blitz,100,129.8695,144.7156,0.414615,0.452656,0.34128,0.372411,0.207382,0.414844
2019-06_game_0013007,blitz,84,144.1207,364.444,0.390803,0.522403,0.233717,0.622309,0.560611,0.585291
2019-02_game_0001394,blitz,27,617.0251,485.3203,0.455185,0.213245,0.270497,0.055848,0.41535,0.044152
2019-02_game_0014023,blitz,70,353.1165,407.3505,0.558127,0.357584,0.265112,0.407714,0.598082,0.772035
2019-06_game_0018078,blitz,41,269.5038,267.7658,0.663988,0.253687,0.432731,0.161355,0.810392,0.234447
2019-03_game_0022841,blitz,52,187.2359,239.8125,0.386466,0.524994,0.135153,0.762996,0.151346,0.630732
2019-01_game_0007523,blitz,74,326.1686,303.2186,0.419246,0.374987,0.297863,0.560723,0.556436,0.576071
2019-03_game_0025451,blitz,71,229.3142,336.1432,0.44672,0.498937,0.372749,0.382272,0.434932,0.237163
2019-06_game_0015210,blitz,70,367.0847,443.797,0.817037,0.36573,0.256893,0.714245,0.266591,0.514027
2019-01_game_0008837,blitz,30,565.1861,749.7656,0.260421,0.610725,0.08402,0.69183,0.071437,0.390435
2019-01_game_0023204,blitz,80,195.1883,190.8584,0.267187,0.270088,0.35062,0.328553,0.197459,0.64535
2019-05_game_0019032,blitz,100,238.6519,227.8073,0.530123,0.467226,0.715062,0.339718,0.42718,0.46904
2019-02_game_0009768,blitz,34,205.0691,221.2855,0.286356,0.546777,0.183581,0.231663,0.207153,0.528302
2019-05_game_0003443,blitz,100,56.9114,40.3474,0.479727,0.52781,0.503899,0.502303,0.633543,0.539992
2019-05_game_0011266,blitz,51,217.2192,180.4479,0.484719,0.699011,0.679816,0.238285,0.653837,0.351611
2019-01_game_0002785,blitz,64,237.7761,221.8141,0.377912,0.650767,0.235043,0.724216,0.180146,0.626114
2019-04_game_0001935,blitz,95,395.6499,391.0874,0.714015,0.392732,0.883193,0.411318,0.499018,0.278808
2019-01_game_0012141,blitz,79,214.9245,213.0739,0.334929,0.408437,0.490115,0.246387,0.516918,0.3238
2019-05_game_0021053,blitz,65,177.1265,166.1539,0.420928,0.474082,0.484526,0.275101,0.785624,0.282622
2019-06_game_0012446,blitz,45,142.2384,141.3253,0.410353,0.423839,0.626163,0.203204,0.554592,0.333397
2019-01_game_0015098,blitz,57,209.5238,154.745,0.403983,0.552702,0.214987,0.277815,0.489539,0.269858
2023-05_game_0027989,blitz,53,262.6357,248.8697,0.695978,0.296031,0.700939,0.15008,0.798434,0.274464
2019-02_game_0007328,blitz,57,302.8293,288.7963,0.523823,0.464997,0.765897,0.233051,0.695533,0.115832
2019-03_game_0016595,blitz,100,200.2349,196.5356,0.469701,0.459024,0.556138,0.496212,0.551229,0.479194
2019-03_game_0011495,blitz,89,324.0389,356.0379,0.345086,0.751312,0.304979,0.714033,0.624423,0.544683
2019-06_game_0009409,blitz,80,287.8482,317.4927,0.496114,0.378554,0.300785,0.352775,0.876155,0.819461
2019-03_game_0025306,blitz,34,196.7519,207.6841,0.18659,0.179489,0.112903,0.151885,0.12162,0.15553
2019-02_game_0014943,blitz,45,499.9305,138.8459,0.561136,0.375108,0.64774,0.172712,0.799365,0.057012
2019-02_game_0029581,blitz,86,270.648,269.3568,0.427776,0.548271,0.33652,0.433834,0.254238,0.468233
2019-02_game_0008418,blitz,100,384.407,398.196,0.497227,0.495904,0.444571,0.433453,0.202803,0.386222
2019-01_game_0026140,blitz,91,446.5501,210.3056,0.492891,0.389925,0.457787,0.418401,0.581742,0.569391
2019-06_game_0010579,blitz,59,257.5482,240.6448,0.552579,0.317496,0.180233,0.336983,0.52906,0.493832
2023-05_game_0010341,blitz,63,268.4864,270.0109,0.545405,0.248329,0.624987,0.228803,0.565467,0.1685
2019-03_game_0002742,blitz,76,145.9412,223.1596,0.540112,0.395045,0.27577,0.295933,0.271601,0.527357
2019-01_game_0019101,blitz,73,416.2908,379.6182,0.555653,0.657034,0.583996,0.320382,0.454108,0.452137
2019-02_game_0004079,blitz,68,98.8265,114.7225,0.376368,0.637431,0.205636,0.296923,0.214474,0.691536
2019-05_game_0007977,blitz,79,92.7538,228.8065,0.450577,0.311812,0.603888,0.212219,0.454458,0.211509
2019-03_game_0025168,blitz,80,251.848,462.3885,0.351149,0.588459,0.255806,0.583846,0.7306,0.69299
2019-01_game_0008359,blitz,57,263.2272,260.8177,0.493321,0.354848,0.845225,0.240309,0.376598,0.281122
2019-03_game_0017460,blitz,68,502.3978,565.2553,0.382998,0.637974,0.247003,0.420681,0.246635,0.851216
2019-01_game_0028296,blitz,30,311.4402,277.4647,0.377376,0.40883,0.084849,0.625827,0.049523,0.406283
2023-05_game_0019379,blitz,51,256.7274,248.2134,0.571112,0.284972,0.358497,0.185184,0.839678,0.401556
2019-01_game_0016202,blitz,98,307.7395,331.1422,0.450407,0.447588,0.337977,0.337442,0.666579,0.665684
2023-05_game_0000949,blitz,80,453.5205,371.643,0.263257,0.318775,0.353818,0.456326,0.352056,0.94602
2023-05_game_0002938,blitz,74,286.0981,230.8538,0.787354,0.335494,0.392163,0.31755,0.346392,0.678629
2019-01_game_0023259,blitz,67,195.3792,194.5358,0.310636,0.441094,0.286102,0.416778,0.494823,0.199587
2019-01_game_0021481,blitz,100,273.6794,313.6114,0.424563,0.410406,0.500845,0.532945,0.201323,0.155614
2019-03_game_0004067,blitz,36,510.9559,502.4532,0.300096,0.591626,0.135229,0.282086,0.108928,0.442247
2019-04_game_0005383,blitz,46,256.1901,256.1495,0.424893,0.600059,0.179013,0.910541,0.213109,0.494511
2019-01_game_0019618,blitz,77,493.6139,510.3382,0.320133,0.454989,0.324815,0.419945,0.559576,0.445395
2019-05_game_0022653,blitz,36,279.5009,298.5621,0.395345,0.375525,0.119667,0.119486,0.044892,0.271963
2019-06_game_0022022,blitz,30,373.8291,391.7034,0.444425,0.452831,0.098636,0.279421,0.105172,0.661752
2019-02_game_0022106,blitz,60,301.8963,293.846,0.339707,0.834613,0.352157,0.401898,0.250097,0.86284
2023-05_game_0015639,blitz,74,303.7753,296.9272,0.68719,0.399971,0.809925,0.323104,0.262522,0.519378
2019-06_game_0019540,blitz,72,184.9264,197.5189,0.409798,0.784295,0.254645,0.613901,0.204261,0.714698
2019-05_game_0013985,blitz,36,280.8719,253.9122,0.45358,0.391541,0.126493,0.569701,0.31522,0.592767
2019-01_game_0029913,blitz,86,251.1663,255.8774,0.431679,0.492674,0.311396,0.278493,0.502586,0.756894
2019-06_game_0017382,blitz,100,251.7303,213.3957,0.522041,0.370292,0.541873,0.467969,0.665309,0.490619
2019-06_game_0005325,blitz,61,404.9958,377.1409,0.868519,0.286639,0.946142,0.195886,0.835371,0.625231
2019-06_game_0001953,blitz,63,300.9005,258.1575,0.412989,0.442274,0.736107,0.223933,0.777089,0.326202
2023-05_game_0016323,blitz,66,366.6658,233.6774,0.360327,0.708425,0.270133,0.574377,0.547375,0.624817
2019-06_game_0000106,blitz,65,492.9257,446.6947,0.583297,0.443341,0.446423,0.27902,0.348698,0.31243
2019-03_game_0024939,blitz,75,223.8542,194.1651,0.374766,0.517063,0.322161,0.305651,0.460524,0.242224
2019-01_game_0003304,blitz,39,621.1867,625.1221,0.573983,0.393162,0.565055,0.192509,0.726603,0.211633
2019-03_game_0007720,blitz,62,465.8188,513.9745,0.617017,0.495591,0.46563,0.285591,0.307029,0.657676
2023-05_game_0015134,blitz,55,163.8525,163.4503,0.543479,0.361946,0.755044,0.183814,0.493727,0.308279
2019-02_game_0017746,blitz,42,427.0208,374.6765,0.496272,0.679444,0.161406,0.384931,0.172444,0.780636
2019-06_game_0002846,blitz,51,154.7731,431.9427,0.422045,0.795204,0.282199,0.257881,0.65845,0.617026
2019-05_game_0020149,blitz,82,301.0506,294.0592,0.654438,0.453693,0.367962,0.424006,0.326981,0.592291
2019-05_game_0007533,blitz,100,470.8043,521.9913,0.405468,0.412207,0.430106,0.29904,0.414975,0.394359
2019-04_game_0012131,blitz,39,299.5097,305.6755,0.490643,0.439893,0.53108,0.110544,0.751913,0.06961
2019-06_game_0019981,blitz,70,457.5664,481.4905,0.465833,0.689086,0.382032,0.193781,0.236244,0.574279
2019-06_game_0013624,blitz,73,226.3763,208.6307,0.713271,0.372827,0.925697,0.195528,0.648608,0.352314
2023-05_game_0002140,blitz,40,63.0202,71.9835,0.733183,0.349685,0.268568,0.357697,0.095114,0.719539
2019-02_game_0020838,blitz,55,235.0268,217.2405,0.660745,0.282902,0.461538,0.380696,0.584306,0.287087
2019-05_game_0004534,blitz,42,270.7428,137.1162,0.351831,0.471515,0.160174,0.896756,0.201424,0.582789
2019-06_game_0016800,blitz,37,423.6041,256.6708,0.413821,0.334679,0.392121,0.112627,0.450039,0.070926
2023-05_game_0002528,blitz,100,199.1329,113.127,0.443666,0.509134,0.357663,0.48254,0.405921,0.448743
2019-03_game_0015530,blitz,100,280.7788,284.9897,0.497276,0.40036,0.613604,0.397185,0.42792,0.528721
2019-06_game_0019135,blitz,41,738.0123,842.0392,0.689839,0.310645,0.707713,0.119399,0.487551,0.079169
2019-05_game_0009515,blitz,100,227.3155,196.6157,0.46569,0.575713,0.438671,0.54661,0.321773,0.55337
2019-05_game_0012252,blitz,40,694.8372,797.919,0.674618,0.465942,0.251309,0.2184,0.272861,0.724381
2019-06_game_0006569,blitz,100,139.1907,135.4851,0.678325,0.394125,0.599482,0.424503,0.828915,0.423772
2023-05_game_0003562,blitz,78,92.6274,57.3915,0.468162,0.358614,0.47493,0.444268,0.189332,0.664503
2019-05_game_0008412,blitz,100,253.2083,254.6415,0.569299,0.38103,0.666042,0.272842,0.444848,0.602436
2019-01_game_0010035,blitz,85,374.4298,364.401,0.870091,0.3867,0.733148,0.349634,0.593799,0.258204
2019-04_game_0006527,blitz,64,363.2137,321.3658,0.351304,0.468191,0.323936,0.463228,0.307959,0.640094
2019-03_game_0006986,blitz,31,336.4007,306.7848,0.524236,0.388143,0.113306,0.197147,0.461427,0.165791
2019-03_game_0021200,blitz,55,92.4776,86.0392,0.413492,0.464343,0.622615,0.225434,0.680505,0.232776
2019-06_game_0021642,blitz,57,111.5989,174.5947,0.436004,0.394238,0.525519,0.207779,0.595183,0.235732
2023-05_game_0005061,blitz,63,188.8527,234.2494,0.732577,0.349819,0.462551,0.210133,0.683466,0.14725
2019-02_game_0002047,blitz,30,263.0997,264.7359,0.323106,0.416972,0.097738,0.2219,0.058778,0.605389
2019-01_game_0020798,blitz,38,105.6584,105.2401,0.444042,0.619855,0.113126,0.163916,0.221496,0.580836
2019-03_game_0005972,blitz,97,189.5281,287.4028,0.640493,0.417715,0.585021,0.3959,0.443409,0.426145
2019-01_game_0029735,blitz,100,400.9423,406.557,0.422715,0.443519,0.62243,0.304075,0.47593,0.410372
2019-06_game_0018036,blitz,62,467.368,492.8103,0.310413,0.528877,0.332871,0.295141,0.366827,0.708273
2019-05_game_0009036,blitz,86,202.9498,183.7537,0.806461,0.352797,0.559023,0.331878,0.515861,0.833287
2023-05_game_0007528,blitz,27,262.9323,218.3842,0.205929,0.156853,0.158615,0.08118,0.59714,0.265961
2019-05_game_0025444,blitz,42,308.1767,336.7146,0.481318,0.467658,0.150324,0.171598,0.280872,0.413816
2019-03_game_0012003,blitz,52,273.124,278.3901,0.400203,0.522099,0.147002,0.668694,0.25505,0.811114
2019-02_game_0006651,blitz,79,593.9812,570.1077,0.791165,0.36039,0.814411,0.232853,0.669916,0.280811
2019-03_game_0027817,blitz,100,576.6169,636.46,0.545848,0.660687,0.370482,0.720697,0.556463,0.540779
2019-04_game_0018327,blitz,94,82.7884,77.874,0.399246,0.396937,0.272441,0.512567,0.406273,0.456913
2019-02_game_0016843,blitz,100,257.0438,258.6732,0.478696,0.469117,0.64399,0.324165,0.620246,0.753117
2019-01_game_0011681,blitz,76,185.962,182.9575,0.39503,0.386293,0.382349,0.338596,0.401099,0.41257
2019-04_game_0019145,blitz,57,361.4103,315.807,0.435591,0.439216,0.224974,0.182268,0.678885,0.370644
2019-04_game_0000453,blitz,92,152.7421,162.3358,0.394724,0.516661,0.305526,0.497758,0.399853,0.313723
2023-05_game_0003657,blitz,100,457.5121,456.1557,0.449318,0.439421,0.443183,0.437487,0.333392,0.324187
2019-06_game_0004727,blitz,57,457.8923,443.3123,0.384301,0.470521,0.724616,0.189289,0.522677,0.222176
2019-02_game_0026317,blitz,97,225.8979,283.1785,0.418808,0.356636,0.631497,0.263892,0.419019,0.274695
2023-05_game_0011123,blitz,40,355.1933,339.4526,0.569174,0.406609,0.206396,0.794018,0.190482,0.574029
2019-06_game_0019268,blitz,21,222.7283,221.6352,0.130724,0.065,0.044466,0.035538,0.092787,0.011598
2023-05_game_0023108,blitz,67,241.5175,238.4267,0.548472,0.421995,0.618015,0.249304,0.504659,0.309255
2019-06_game_0018202,blitz,22,319.4399,353.6154,0.107943,0.173182,0.041363,0.046517,0.047554,0.201386
2019-01_game_0000574,blitz,35,371.3348,334.4576,0.469359,0.383294,0.539152,0.11657,0.677006,0.32418
2019-04_game_0014303,blitz,98,157.6965,95.7421,0.363555,0.663164,0.318498,0.471702,0.54755,0.790591
2019-01_game_0015294,blitz,45,617.9902,575.7588,0.537063,0.39957,0.241699,0.182571,0.676713,0.176975
2019-05_game_0015657,blitz,44,598.0662,619.4205,0.476821,0.619339,0.152604,0.222327,0.410471,0.831863
2019-03_game_0002392,blitz,100,124.2274,127.4062,0.365794,0.543418,0.344359,0.59767,0.519542,0.596168
2019-04_game_0023403,blitz,92,197.2964,194.9816,0.461707,0.406301,0.485913,0.385395,0.307602,0.44606
2019-02_game_0002576,blitz,43,154.5702,159.3416,0.440831,0.433575,0.16227,0.198782,0.603113,0.219363
2023-05_game_0008661,blitz,81,160.2499,150.3085,0.478356,0.360202,0.379001,0.601455,0.314373,0.383307
2019-06_game_0006774,blitz,94,206.9021,218.0066,0.694536,0.41283,0.477393,0.412734,0.42391,0.393418
2023-05_game_0015925,blitz,40,238.982,218.5371,0.169901,0.246896,0.173472,0.150003,0.283501,0.244535
2019-02_game_0014223,blitz,95,115.9825,206.967,0.315057,0.733784,0.313124,0.506102,0.439458,0.447877
2019-05_game_0016555,blitz,80,334.4052,381.0953,0.310276,0.640676,0.215056,0.789554,0.525027,0.671978
2019-06_game_0002430,blitz,50,68.6888,88.652,0.627573,0.384585,0.173553,0.343211,0.358437,0.381772
2019-02_game_0004668,blitz,100,168.9832,221.0447,0.513324,0.389115,0.411064,0.588193,0.532293,0.531351
2019-04_game_0020988,blitz,100,80.6244,77.3073,0.519536,0.422182,0.620967,0.456622,0.761489,0.496538
2019-05_game_0028885,blitz,100,307.7303,291.6285,0.453111,0.422377,0.405371,0.579724,0.349783,0.342562
2019-04_game_0006210,blitz,59,757.8378,725.3802,0.588334,0.376815,0.358148,0.276419,0.821978,0.341241
2019-05_game_0004478,blitz,100,107.7554,97.295,0.464933,0.547065,0.456821,0.327734,0.476734,0.442687
2019-02_game_0013369,blitz,35,564.8228,583.0956,0.632616,0.505038,0.291628,0.175439,0.565446,0.342369
2019-04_game_0015865,blitz,35,271.8519,272.734,0.253304,0.186341,0.305057,0.103211,0.608736,0.080447
2023-05_game_0024100,blitz,75,197.1938,203.0657,0.458069,0.321971,0.519012,0.257717,0.484336,0.538606
2019-01_game_0014121,blitz,100,483.6972,487.7305,0.399697,0.420323,0.390821,0.496451,0.393574,0.480252
2019-03_game_0014820,blitz,98,224.5521,207.7542,0.426517,0.384928,0.482909,0.454352,0.484042,0.495727
2019-02_game_0020805,blitz,21,143.3469,184.3724,0.071969,0.035123,0.0396,0.029408,0.116114,0.084295
2019-03_game_0020792,blitz,100,137.441,133.6659,0.437642,0.478132,0.351713,0.498882,0.642628,0.843696
2019-02_game_0005690,blitz,55,86.591,88.5336,0.422222,0.442722,0.517285,0.186535,0.375574,0.124749
2023-05_game_0007834,blitz,60,186.6294,174.3355,0.493873,0.539998,0.278361,0.460478,0.297154,0.553814
2019-06_game_0024012,blitz,58,519.5092,828.5053,0.313386,0.803599,0.184068,0.862068,0.161916,0.626726
2019-03_game_0027873,blitz,48,636.9789,658.1022,0.392871,0.714562,0.259963,0.23082,0.114693,0.614853
2019-01_game_0017252,blitz,100,183.7354,180.4539,0.38832,0.57659,0.349139,0.637637,0.626864,0.543106
2023-05_game_0018624,blitz,47,269.511,232.6154,0.377844,0.752895,0.448709,0.278413,0.560724,0.201244
2019-06_game_0007987,blitz,65,119.6648,133.3164,0.474671,0.344049,0.3292,0.245002,0.524108,0.52266
2023-05_game_0020317,blitz,48,107.15,109.8273,0.451543,0.479236,0.606047,0.21241,0.131903,0.536998
2019-03_game_0020235,blitz,67,92.2033,92.2116,0.545289,0.385594,0.430859,0.190382,0.616404,0.327416
2019-06_game_0021703,blitz,43,239.6192,277.1281,0.366427,0.599158,0.624581,0.17299,0.54656,0.17355
2019-05_game_0010206,blitz,62,397.0624,409.4355,0.395559,0.801181,0.195423,0.760285,0.449612,0.823162
2023-05_game_0017055,blitz,78,224.6771,218.8565,0.381174,0.736791,0.348666,0.272476,0.693113,0.677266
2019-01_game_0016783,blitz,42,316.2981,368.4985,0.295466,0.613455,0.199068,0.780034,0.040787,0.187651
2019-03_game_0002820,blitz,100,156.5167,278.6745,0.470643,0.600219,0.377197,0.508184,0.369583,0.690232
2019-01_game_0018402,blitz,98,124.4446,129.1973,0.433014,0.537185,0.474288,0.546895,0.529875,0.809518
2019-05_game_0011601,blitz,95,273.2479,262.6814,0.386185,0.516773,0.307197,0.550503,0.518998,0.486514
2019-05_game_0000864,blitz,100,282.0204,288.9463,0.381103,0.42179,0.411365,0.341819,0.398684,0.424245
2019-06_game_0023533,blitz,84,409.1513,439.3802,0.393365,0.582843,0.30332,0.43214,0.298333,0.424907
2019-06_game_0014222,blitz,76,207.9953,215.0156,0.29294,0.551788,0.309948,0.688444,0.215062,0.782679
2019-01_game_0010780,blitz,48,195.3434,507.2903,0.181807,0.365441,0.172868,0.402328,0.090337,0.537352
2019-01_game_0027566,blitz,76,135.3752,68.8766,0.388332,0.708345,0.311791,0.375918,0.34908,0.614971
2019-06_game_0024935,blitz,88,200.9671,155.6551,0.413044,0.404399,0.329434,0.483612,0.370298,0.513039
2019-01_game_0022376,blitz,72,430.6647,241.678,0.415849,0.581991,0.246895,0.384358,0.421326,0.428552
2019-01_game_0021658,blitz,47,296.4679,302.3249,0.39845,0.333721,0.247316,0.187774,0.849081,0.396507
2019-05_game_0005708,blitz,32,336.6906,342.4982,0.339078,0.334014,0.09803,0.17422,0.077688,0.498804
2019-02_game_0028596,blitz,83,204.3358,213.3314,0.333561,0.418591,0.394222,0.253691,0.554002,0.292595
2019-02_game_0019117,blitz,67,82.1739,88.1685,0.628329,0.738319,0.819797,0.106312,0.426567,0.310392
2019-04_game_0001181,blitz,96,63.2643,70.1562,0.370092,0.70499,0.303161,0.862954,0.368418,0.514433
2023-05_game_0011496,blitz,51,335.384,313.4182,0.527832,0.531881,0.863001,0.197182,0.76585,0.360377
2019-03_game_0024434,blitz,90,712.068,402.0036,0.582605,0.391859,0.347166,0.470941,0.308601,0.445422
2019-02_game_0025102,blitz,55,67.5074,72.7995,0.71068,0.348978,0.22165,0.276964,0.44768,0.58067
2023-05_game_0020208,blitz,49,256.5846,277.9918,0.688845,0.37859,0.160868,0.315079,0.495578,0.207032
2019-04_game_0014715,blitz,100,293.242,286.9534,0.450767,0.518213,0.558598,0.432953,0.556922,0.50242
2019-03_game_0011837,blitz,25,308.5856,319.3888,0.372105,0.25451,0.20258,0.072694,0.244614,0.047974
2019-05_game_0005188,blitz,23,479.0494,498.4287,0.657454,0.149501,0.169017,0.066148,0.336301,0.181505
2019-02_game_0028701,blitz,55,257.7581,244.9138,0.56724,0.383696,0.828497,0.164108,0.647717,0.368773
2019-01_game_0002013,blitz,51,356.3424,313.0246,0.637086,0.520079,0.319233,0.196621,0.752804,0.764938
2019-02_game_0003233,blitz,100,213.0575,233.0344,0.385657,0.501371,0.269636,0.714595,0.407836,0.518318
2023-05_game_0009656,blitz,29,566.3988,567.4655,0.278444,0.217437,0.089333,0.071991,0.343224,0.169459
2019-04_game_0021149,blitz,100,243.2182,264.0432,0.435852,0.390521,0.533249,0.373777,0.479372,0.444456
2019-03_game_0015278,blitz,45,148.3691,207.5364,0.347307,0.334453,0.580587,0.170246,0.376573,0.143144
2019-03_game_0001564,blitz,50,124.0891,128.2568,0.368608,0.476452,0.16133,0.253712,0.304329,0.6816
2019-02_game_0029162,blitz,21,495.0433,442.1397,0.205897,0.08871,0.156882,0.183794,0.126814,0.026211
2019-06_game_0018486,blitz,35,642.0192,497.7167,0.492943,0.499097,0.163503,0.18844,0.53796,0.113184
2019-06_game_0018543,blitz,59,225.582,214.2767,0.737995,0.298247,0.45595,0.22956,0.9266,0.525516
2019-02_game_0006406,blitz,68,967.1178,934.469,0.759201,0.766158,0.294061,0.703867,0.441963,0.602019
2019-01_game_0005043,blitz,47,328.2884,334.9981,0.573791,0.357662,0.733732,0.189362,0.681915,0.468449
2023-05_game_0010352,blitz,77,428.3378,420.709,0.448739,0.516244,0.381582,0.236649,0.811361,0.172863
2019-06_game_0020114,blitz,46,291.9153,304.984,0.326431,0.317075,0.296973,0.174899,0.226818,0.538322
2023-05_game_0019930,blitz,59,564.6895,579.9539,0.5439,0.433301,0.819984,0.2727,0.685602,0.208161
2019-05_game_0009333,blitz,63,130.7629,96.2807,0.512365,0.308073,0.474514,0.215583,0.612737,0.269992
2019-01_game_0004421,blitz,61,109.0941,181.0792,0.643976,0.343539,0.356208,0.359442,0.615882,0.187667
2019-01_game_0001760,blitz,72,358.7601,435.8121,0.338839,0.724122,0.21789,0.668734,0.529439,0.595189
2023-05_game_0004726,blitz,44,246.0122,296.7794,0.413595,0.631878,0.193479,0.173412,0.177116,0.70701
2019-06_game_0007886,blitz,33,192.0643,253.1958,0.280347,0.174965,0.15902,0.183205,0.507839,0.088694
2019-04_game_0027603,blitz,79,194.8848,196.1185,0.404033,0.388813,0.402593,0.464026,0.370506,0.227027
2019-04_game_0013649,blitz,39,196.132,209.5612,0.674616,0.397425,0.255705,0.160997,0.405034,0.02226
2019-02_game_0008803,blitz,69,100.5558,97.6977,0.675673,0.410812,0.474596,0.256871,0.531259,0.412646
2019-04_game_0004232,blitz,30,282.5887,295.9264,0.30948,0.402387,0.342065,0.121693,0.018547,0.409162
2019-06_game_0015053,blitz,76,147.7804,167.0262,0.361437,0.539184,0.379643,0.358051,0.148228,0.491347
2019-06_game_0029473,blitz,57,372.3217,400.4138,0.399101,0.767496,0.215042,0.353705,0.826743,0.124308
2019-06_game_0003640,blitz,100,287.3781,294.6223,0.598196,0.417179,0.581922,0.390345,0.495523,0.56657
2019-05_game_0021114,blitz,51,273.3708,254.3953,0.753704,0.419559,0.358217,0.217701,0.518816,0.164686
2023-05_game_0012797,blitz,87,280.0266,419.0538,0.348994,0.438762,0.326861,0.321134,0.461199,0.264681
2023-05_game_0016448,blitz,91,152.6203,186.0244,0.499296,0.370097,0.823753,0.316901,0.427517,0.39759
2019-05_game_0019845,blitz,45,161.9466,176.2589,0.511258,0.438055,0.6218,0.180627,0.482249,0.243326
2019-03_game_0001048,blitz,63,803.7627,796.3994,0.464785,0.829931,0.711221,0.290187,0.764187,0.307389
2019-06_game_0014810,blitz,63,186.7807,186.967,0.614342,0.531162,0.323883,0.39622,0.530431,0.386228
2019-01_game_0023185,blitz,55,278.4106,297.2814,0.706589,0.3748,0.146455,0.257025,0.366541,0.569035
2019-02_game_0027235,blitz,72,205.7665,210.6086,0.502159,0.389389,0.239931,0.540941,0.341222,0.329961
2019-04_game_0029658,blitz,79,156.3287,201.5263,0.358197,0.355834,0.369512,0.493096,0.398856,0.689288
2019-05_game_0022015,blitz,67,191.9773,196.7825,0.714364,0.406269,0.876756,0.235696,0.680154,0.209017
2019-02_game_0014184,blitz,65,56.9545,158.9777,0.430237,0.578502,0.599389,0.244262,0.630378,0.51017
2019-01_game_0017944,blitz,44,155.2439,147.8188,0.464913,0.581869,0.281922,0.337492,0.120997,0.582547
2019-02_game_0010811,blitz,39,347.3026,522.8799,0.84723,0.28305,0.45204,0.212018,0.744805,0.157109
2023-05_game_0000322,blitz,74,130.4909,131.9229,0.358676,0.786712,0.198533,0.856345,0.249779,0.732883
2019-05_game_0007314,blitz,82,216.3037,163.1147,0.708393,0.806031,0.311155,0.510441,0.607443,0.751893
2019-03_game_0002445,blitz,91,417.1271,389.0487,0.574963,0.358724,0.836693,0.415816,0.486624,0.433361
2019-04_game_0028056,blitz,100,180.9096,187.591,0.563011,0.377241,0.706097,0.39415,0.50334,0.175209
2019-05_game_0026187,blitz,58,260.689,259.1649,0.49101,0.414169,0.408467,0.353628,0.214521,0.512606
2019-06_game_0019787,blitz,57,102.7795,116.6558,0.739488,0.329928,0.435846,0.395421,0.797536,0.087339
2019-02_game_0000384,blitz,45,237.5693,273.344,0.485025,0.399883,0.669375,0.149444,0.661406,0.152713
2019-06_game_0006361,blitz,100,225.0515,199.7079,0.461889,0.381917,0.564474,0.406617,0.532039,0.315094
2019-06_game_0022649,blitz,52,392.5804,271.8352,0.289167,0.79172,0.180365,0.320425,0.130816,0.886444
2019-01_game_0008020,blitz,51,189.5689,203.3079,0.258877,0.281798,0.306084,0.220482,0.655906,0.334602
2023-05_game_0017125,blitz,54,207.1068,195.6958,0.283104,0.670205,0.182935,0.755808,0.291763,0.619584
2019-01_game_0003165,blitz,33,264.1547,671.1288,0.478347,0.439319,0.637696,0.152372,0.403971,0.246901
2019-03_game_0029621,blitz,58,308.0016,208.754,0.234669,0.294493,0.202024,0.320314,0.30562,0.594611
2019-02_game_0023311,blitz,42,330.1654,313.4061,0.570293,0.444646,0.127007,0.17924,0.127151,0.832027
2019-05_game_0006902,blitz,43,441.0789,414.8482,0.291121,0.353946,0.185235,0.14785,0.514528,0.175795
2019-05_game_0027889,blitz,64,292.6398,289.4603,0.342648,0.727461,0.267251,0.30766,0.289493,0.467894
2023-05_game_0024666,blitz,89,226.7516,212.7277,0.32643,0.391054,0.596116,0.388649,0.423568,0.440528
2019-03_game_0004396,blitz,72,85.111,110.5857,0.374302,0.820091,0.191913,0.899243,0.309011,0.601087
2019-01_game_0012200,blitz,37,570.6788,593.3723,0.381938,0.472616,0.171507,0.127782,0.778156,0.643888
2019-05_game_0011626,blitz,81,640.7931,609.9852,0.80223,0.333524,0.426454,0.465321,0.49062,0.603734
2019-02_game_0019009,blitz,100,453.5981,423.9643,0.463296,0.421594,0.430704,0.456494,0.342445,0.616215
2019-05_game_0015444,blitz,83,511.6265,514.8079,0.491792,0.377767,0.633261,0.356512,0.711454,0.525917
2019-04_game_0007582,blitz,100,374.4541,425.5505,0.589705,0.475337,0.695628,0.411339,0.823521,0.672857
2019-02_game_0005821,blitz,86,396.4511,372.6051,0.609764,0.415753,0.421402,0.389897,0.23698,0.581285
2019-01_game_0026018,blitz,100,169.1728,149.1185,0.583304,0.408521,0.620417,0.412029,0.507151,0.407488
2019-01_game_0003655,blitz,51,418.4169,401.9108,0.520822,0.42969,0.27717,0.222883,0.746058,0.346962
2019-05_game_0017745,blitz,100,181.6487,178.8737,0.418466,0.60787,0.353241,0.633105,0.623082,0.675712
2019-05_game_0022326,blitz,93,399.9194,393.8217,0.676959,0.464182,0.526398,0.388129,0.391715,0.235456
2019-03_game_0009283,blitz,32,318.9402,312.7664,0.449622,0.381634,0.093084,0.447262,0.21418,0.576178
2019-06_game_0021709,blitz,40,283.7491,408.6393,0.341307,0.728445,0.263471,0.490261,0.227662,0.522656
2019-04_game_0014763,blitz,41,205.8782,180.2437,0.44711,0.399928,0.510063,0.195412,0.808042,0.193627
2019-06_game_0005121,blitz,98,200.5105,197.1217,0.345012,0.485938,0.3802,0.602026,0.577443,0.556779
2019-02_game_0019835,blitz,53,281.8802,290.6848,0.722508,0.340956,0.219927,0.211866,0.532708,0.326128
2019-01_game_0029709,blitz,36,434.7969,789.5583,0.388469,0.742995,0.136519,0.797019,0.256247,0.799062
2023-05_game_0018762,blitz,27,197.7529,233.4171,0.212992,0.186964,0.093574,0.073495,0.290611,0.057997
2019-01_game_0021009,blitz,91,338.4239,343.0031,0.593295,0.375106,0.300866,0.30787,0.656357,0.454113
2019-02_game_0021416,blitz,100,431.9906,402.1408,0.662771,0.491724,0.50289,0.459718,0.317438,0.356222
2019-05_game_0010249,blitz,37,201.8013,208.3244,0.463724,0.346973,0.55883,0.18218,0.50395,0.25866
2019-01_game_0027390,blitz,43,116.1145,129.357,0.548371,0.504813,0.328578,0.185309,0.566452,0.121414
2019-01_game_0013447,blitz,93,482.1802,550.7555,0.436726,0.371352,0.302869,0.379375,0.385568,0.291772
2019-02_game_0021641,blitz,72,223.4683,214.2897,0.354012,0.594133,0.290273,0.479631,0.677549,0.689735
2019-01_game_0003699,blitz,100,160.8799,163.2141,0.545833,0.428119,0.633103,0.366818,0.387774,0.480964
2023-05_game_0024563,blitz,56,105.2334,101.324,0.464276,0.622906,0.187,0.76038,0.223332,0.722768
2019-06_game_0003348,blitz,53,198.9923,201.1942,0.788996,0.338896,0.180088,0.278116,0.376107,0.156146
2019-04_game_0022824,blitz,95,239.3468,248.8184,0.415071,0.497706,0.392552,0.406042,0.897622,0.786707
2019-05_game_0003286,blitz,100,367.5113,852.9042,0.397606,0.54986,0.387564,0.347658,0.527564,0.740607
2019-05_game_0021454,blitz,46,569.3363,599.4886,0.430183,0.684267,0.179916,0.750092,0.186815,0.394661
2023-05_game_0018853,blitz,100,117.0098,103.9247,0.321511,0.326369,0.425281,0.472924,0.256892,0.471862
2023-05_game_0004734,blitz,74,169.2526,255.123,0.446903,0.461872,0.478848,0.521408,0.791596,0.615732
2019-01_game_0018877,blitz,58,156.727,163.6507,0.764913,0.336996,0.278233,0.36573,0.660002,0.70323
2019-03_game_0019011,blitz,29,183.0953,224.7549,0.246694,0.198472,0.142006,0.133329,0.488621,0.103472
2023-05_game_0022901,blitz,100,389.7404,367.5434,0.290438,0.296008,0.489745,0.456505,0.334771,0.631482
2019-06_game_0022212,blitz,45,318.2233,359.7542,0.701771,0.37627,0.276365,0.167864,0.414669,0.333098
2019-06_game_0001790,blitz,38,163.8216,159.211,0.321504,0.375962,0.131792,0.842326,0.143909,0.514891
2019-01_game_0008882,blitz,100,331.2931,384.027,0.562477,0.518434,0.56704,0.353298,0.446144,0.360127
2019-04_game_0019032,blitz,99,365.781,360.479,0.415074,0.477304,0.378433,0.494339,0.512675,0.635028
2019-01_game_0007950,blitz,57,630.1215,603.4996,0.860488,0.390754,0.904162,0.156351,0.904809,0.206145
2023-05_game_0014906,blitz,79,307.3067,311.4002,0.384249,0.555912,0.368832,0.389998,0.495955,0.447556
2019-02_game_0028719,blitz,82,268.7216,282.796,0.414463,0.409444,0.344,0.236915,0.500471,0.694444
2023-05_game_0026632,blitz,93,184.9064,256.3573,0.281329,0.375985,0.51758,0.435949,0.612576,0.625675
2019-06_game_0028975,blitz,62,280.254,314.7496,0.521724,0.282656,0.377926,0.263586,0.48494,0.551496
2019-01_game_0012694,blitz,25,627.0334,667.4042,0.600725,0.190671,0.516618,0.05571,0.240341,0.169427
2023-05_game_0020526,blitz,47,196.5399,216.4261,0.234878,0.258005,0.249317,0.211668,0.439205,0.115187
2019-03_game_0011366,blitz,33,274.2513,203.0503,0.425393,0.324971,0.235844,0.09751,0.273733,0.046781
2019-01_game_0003208,blitz,51,358.3577,393.1365,0.724768,0.301317,0.274911,0.182135,0.773097,0.417829
2019-05_game_0027755,blitz,74,248.4037,241.0123,0.645413,0.512435,0.270576,0.534574,0.382807,0.876595
2019-04_game_0028086,blitz,31,258.7939,302.5901,0.38013,0.368931,0.635029,0.089254,0.449928,0.149865
2019-06_game_0014834,blitz,54,318.585,376.6116,0.578467,0.505945,0.263203,0.267034,0.125155,0.77231
2019-04_game_0003992,blitz,76,325.8273,327.7994,0.382591,0.589868,0.339802,0.602807,0.302036,0.519774
2019-02_game_0025580,blitz,75,341.0381,360.897,0.555154,0.318017,0.201208,0.414617,0.552616,0.489307
2023-05_game_0013389,blitz,32,323.4804,381.3188,0.24967,0.359887,0.111325,0.426884,0.204994,0.36899
2019-01_game_0025212,blitz,56,77.7361,101.3437,0.461242,0.367376,0.252887,0.642159,0.337634,0.815846
2019-05_game_0016305,blitz,100,124.0347,124.3101,0.495002,0.596167,0.361123,0.528957,0.438745,0.469467
2019-01_game_0008011,blitz,99,222.7325,215.6528,0.545168,0.499435,0.468017,0.553907,0.603254,0.589512
2019-03_game_0018523,blitz,100,197.0262,194.4217,0.576096,0.389106,0.523636,0.371288,0.451537,0.711527
2019-02_game_0024638,blitz,36,241.9708,225.6539,0.436065,0.514408,0.226427,0.352753,0.142036,0.349296
2019-04_game_0029521,blitz,63,858.9075,842.772,0.60221,0.359054,0.312828,0.478086,0.78291,0.566854
2019-03_game_0028954,blitz,100,291.3567,228.2729,0.440649,0.563808,0.392194,0.901308,0.534106,0.29096
2019-01_game_0013497,blitz,90,166.4408,224.8778,0.299335,0.387672,0.225921,0.474411,0.310417,0.527195
2019-02_game_0014530,blitz,33,150.1628,154.6634,0.449339,0.35777,0.610012,0.116217,0.355493,0.072696
2019-02_game_0028470,blitz,84,190.5949,211.7596,0.441162,0.657056,0.360575,0.7862,0.479596,0.595781
2019-06_game_0020878,blitz,68,534.8671,530.8874,0.411051,0.454794,0.284552,0.548335,0.315062,0.584375
2023-05_game_0007213,blitz,83,268.1782,333.3023,0.360262,0.47521,0.469412,0.384448,0.31599,0.226756
2019-04_game_0024171,blitz,27,179.5636,181.6197,0.437329,0.322976,0.294812,0.113002,0.432991,0.118529
2019-02_game_0015549,blitz,43,282.8662,244.7006,0.428832,0.45367,0.180354,0.256839,0.270156,0.311481
2023-05_game_0020878,blitz,23,230.7053,295.1943,0.143284,0.129297,0.053888,0.038285,0.349153,0.046488
2023-05_game_0015602,blitz,100,273.0201,230.2688,0.419242,0.400072,0.545637,0.541109,0.467025,0.416068
2019-02_game_0016213,blitz,90,183.1287,184.8158,0.334386,0.534359,0.244482,0.706962,0.412165,0.428763
2019-04_game_0010077,blitz,84,174.4739,98.926,0.352799,0.798895,0.305182,0.899241,0.970126,0.981495
2019-01_game_0023505,blitz,28,295.6644,327.2659,0.331925,0.426406,0.086113,0.167155,0.048843,0.577123
2019-01_game_0029720,blitz,100,327.0635,260.0089,0.547306,0.461936,0.633397,0.389302,0.457333,0.556036
2019-01_game_0006345,blitz,87,54.9108,57.1339,0.375259,0.415762,0.373715,0.502818,0.424046,0.280475
2019-06_game_0025903,blitz,65,283.0306,285.4607,0.635733,0.325297,0.926678,0.19344,0.489948,0.23613
2019-04_game_0027760,blitz,47,376.5595,268.8128,0.43154,0.4398,0.864019,0.165268,0.643596,0.33308
2019-01_game_0018556,blitz,62,281.41,280.6013,0.351198,0.71262,0.318904,0.167982,0.258642,0.510729
2019-04_game_0020163,blitz,48,243.1847,256.8031,0.452565,0.580012,0.172206,0.523877,0.188559,0.782329
2019-06_game_0025492,blitz,100,195.8141,195.0738,0.375585,0.552968,0.380153,0.902946,0.700058,0.686949
2019-01_game_0027063,blitz,100,273.6396,278.6239,0.417045,0.613438,0.362721,0.752452,0.251231,0.51516
2019-03_game_0007029,blitz,48,260.7928,186.2202,0.376102,0.531732,0.246521,0.499284,0.312291,0.766828
2019-05_game_0020324,blitz,45,116.6315,111.6808,0.646969,0.503166,0.484306,0.175536,0.771604,0.14468
2019-02_game_0022043,blitz,56,63.2818,65.4261,0.402297,0.491168,0.197139,0.736919,0.311542,0.58648
2019-02_game_0019190,blitz,53,237.8192,208.6647,0.508965,0.414305,0.774404,0.242232,0.630154,0.162099
2019-06_game_0012483,blitz,43,84.6785,91.3302,0.278484,0.198032,0.227012,0.140369,0.583202,0.166679
2019-06_game_0027124,blitz,35,284.1785,277.7394,0.482253,0.401959,0.7669,0.129113,0.202022,0.093866
2019-02_game_0015510,blitz,20,404.3362,544.7182,0.082914,0.08931,0.033946,0.173081,0.098964,0.292368
2023-05_game_0029676,blitz,27,208.1101,197.6498,0.406236,0.488894,0.675628,0.067539,0.591573,0.171525
2019-01_game_0007088,blitz,49,147.0697,148.7954,0.681978,0.391308,0.49935,0.174903,0.82871,0.287066
2019-04_game_0016913,blitz,35,206.607,197.3611,0.446327,0.388521,0.783528,0.151819,0.468107,0.248282
2019-02_game_0000539,blitz,74,409.7504,414.4901,0.86771,0.346311,0.621679,0.305737,0.484478,0.761848
2019-06_game_0027359,blitz,47,197.3429,181.0907,0.639796,0.343294,0.261231,0.231289,0.846575,0.136464
2023-05_game_0022439,blitz,74,242.7833,155.648,0.361542,0.572466,0.279028,0.669805,0.213625,0.700657
2019-02_game_0028716,blitz,48,283.7977,243.0232,0.482171,0.42156,0.187253,0.226543,0.427374,0.547116
2019-01_game_0007135,blitz,61,223.4389,234.0271,0.646704,0.339867,0.58609,0.303845,0.866438,0.482805
2023-05_game_0004369,blitz,53,124.2994,117.521,0.422446,0.626428,0.217787,0.460126,0.549994,0.115774
2019-06_game_0008329,blitz,100,181.7553,213.0109,0.644475,0.472409,0.434759,0.403475,0.674846,0.557073
2019-01_game_0005551,blitz,71,405.9716,417.5948,0.718451,0.365007,0.91418,0.182802,0.75044,0.393249
2019-04_game_0019922,blitz,75,305.6494,269.7896,0.337589,0.477338,0.282251,0.244934,0.316993,0.314604
2019-01_game_0025757,blitz,53,244.9323,255.3956,0.368249,0.266129,0.429037,0.242471,0.679748,0.429516
2019-05_game_0021484,blitz,50,166.9849,190.879,0.378551,0.749604,0.172477,0.926482,0.242031,0.830111
2019-01_game_0025575,blitz,62,357.6107,343.3015,0.421582,0.718819,0.22651,0.459754,0.261903,0.681652
2019-06_game_0022246,blitz,45,393.604,430.2271,0.508642,0.417505,0.930504,0.13188,0.804717,0.128688
2019-05_game_0004940,blitz,100,278.1043,294.3653,0.451921,0.450889,0.500077,0.438864,0.431812,0.657485
2023-05_game_0016548,blitz,40,66.4846,82.7063,0.436141,0.474414,0.129434,0.432809,0.093976,0.58423
2019-05_game_0021183,blitz,82,333.1735,331.1868,0.658071,0.376416,0.414491,0.359599,0.530201,0.727919
2023-05_game_0002667,blitz,54,410.368,463.2045,0.298209,0.5967,0.188552,0.595311,0.250424,0.70836
2023-05_game_0028413,blitz,58,377.8533,246.7807,0.704736,0.340926,0.158888,0.236351,0.360371,0.427849
2023-05_game_0006233,blitz,55,546.0638,513.5633,0.645975,0.401275,0.778608,0.258716,0.673057,0.264948
2019-04_game_0006516,blitz,100,152.1029,137.2641,0.437183,0.51524,0.640351,0.515982,0.423279,0.361818
2019-05_game_0027363,blitz,54,364.969,394.9224,0.407289,0.640182,0.60262,0.183625,0.320593,0.775975
2019-02_game_0007663,blitz,74,226.4774,226.5304,0.847447,0.40754,0.776663,0.313596,0.564343,0.829724
2019-02_game_0020353,blitz,54,238.4538,199.3466,0.296182,0.687668,0.2939,0.434348,0.383464,0.773063
2023-05_game_0017611,blitz,60,326.3279,188.5538,0.394742,0.595962,0.238239,0.329893,0.11449,0.708837
2019-04_game_0024541,blitz,45,137.2462,125.1595,0.456267,0.458855,0.757199,0.190735,0.421828,0.438271
2019-03_game_0006621,rapid,21,480.2116,444.4048,0.154592,0.093919,0.353516,0.035884,0.091969,0.02785
2019-05_game_0010181,rapid,100,277.9878,238.2043,0.383182,0.529344,0.390214,0.340857,0.290428,0.47784
2019-02_game_0006697,rapid,53,191.659,193.403,0.644746,0.46931,0.546461,0.23641,0.851782,0.109947
2019-04_game_0014006,rapid,47,287.5999,330.8001,0.563754,0.458087,0.839573,0.177036,0.558199,0.236025
2019-05_game_0016428,rapid,87,299.6565,424.809,0.34572,0.767012,0.38511,0.570368,0.767829,0.639682
2019-06_game_0006631,rapid,100,209.4509,205.8085,0.500152,0.433623,0.487192,0.329053,0.306046,0.347035
2019-04_game_0006657,rapid,67,172.3671,207.5644,0.647664,0.389013,0.787615,0.182733,0.709216,0.050648
2019-05_game_0004866,rapid,76,178.7082,166.7214,0.469145,0.371341,0.268244,0.493838,0.081919,0.407094
2019-02_game_0029897,rapid,100,308.1443,310.9099,0.458391,0.402002,0.406217,0.419683,0.397198,0.440007
2023-05_game_0011235,rapid,50,232.9459,242.6798,0.343654,0.508252,0.192947,0.39422,0.069177,0.592698
2019-06_game_0026722,rapid,69,239.4025,334.9531,0.288396,0.718641,0.314874,0.417575,0.862399,0.776231
2019-06_game_0000498,rapid,76,198.1395,195.8701,0.462781,0.632901,0.369664,0.389804,0.190408,0.439853
2019-02_game_0029813,rapid,84,146.7802,148.668,0.381833,0.737619,0.259938,0.492811,0.692215,0.665753
2019-06_game_0029637,rapid,100,100.5367,105.6956,0.494388,0.519342,0.324851,0.334129,0.103149,0.19802
2019-06_game_0019811,rapid,74,145.8492,193.5134,0.445372,0.428592,0.231293,0.290136,0.586944,0.656641
2023-05_game_0001891,rapid,38,437.5392,387.9669,0.357464,0.744091,0.167431,0.288102,0.030183,0.394129
2019-01_game_0019677,rapid,100,381.7961,307.7094,0.413909,0.478105,0.371957,0.402936,0.389999,0.571327
2019-01_game_0001213,rapid,72,608.9483,482.2917,0.325582,0.659358,0.237133,0.475527,0.37308,0.630333
2019-02_game_0015795,rapid,100,158.1685,159.1628,0.491677,0.35405,0.471847,0.258539,0.417579,0.428374
2019-03_game_0004937,rapid,33,61.3752,67.6079,0.199059,0.147948,0.0816,0.070752,0.349473,0.108911
2019-01_game_0001854,rapid,87,426.5142,283.2724,0.80216,0.330293,0.410562,0.328733,0.407073,0.155943
2019-02_game_0008268,rapid,62,176.9649,428.8747,0.430139,0.540846,0.245329,0.663817,0.584871,0.73638
2019-02_game_0003488,rapid,55,232.9887,249.0395,0.479398,0.400018,0.215108,0.233726,0.329255,0.037041
2019-05_game_0014023,rapid,44,172.9016,230.2518,0.54607,0.437774,0.185489,0.584706,0.204114,0.611877
2019-06_game_0004254,rapid,100,274.3688,148.1449,0.46645,0.56134,0.319557,0.630996,0.492402,0.413274
2023-05_game_0005517,rapid,81,277.8751,258.9982,0.208561,0.376962,0.295715,0.41984,0.380915,0.267646
2019-06_game_0000772,rapid,27,673.3107,622.3828,0.450321,0.3619,0.323083,0.067184,0.69251,0.213947
2019-01_game_0002257,rapid,100,331.5236,293.322,0.483209,0.407699,0.603867,0.344085,0.621244,0.513547
2023-05_game_0014782,rapid,100,144.6012,181.138,0.440278,0.422453,0.301666,0.827333,0.454839,0.484232
2019-04_game_0002764,rapid,41,267.2716,268.3385,0.408287,0.505127,0.144249,0.093932,0.550062,0.103531
2019-05_game_0021623,rapid,39,154.0142,163.9566,0.397957,0.604496,0.180485,0.123162,0.710686,0.403533
2023-05_game_0016244,rapid,59,174.4516,215.6544,0.519558,0.419268,0.633616,0.162819,0.387454,0.158303
2019-05_game_0010072,rapid,55,278.9912,295.0887,0.593767,0.340672,0.351184,0.193314,0.839711,0.131342
2019-01_game_0020608,rapid,100,500.4846,489.9077,0.455536,0.369324,0.318185,0.331729,0.297762,0.305478
2019-02_game_0013606,rapid,60,117.6468,132.6081,0.522366,0.619826,0.249018,0.753924,0.228473,0.508584
2019-04_game_0017293,rapid,64,70.6695,160.2878,0.407694,0.720253,0.230751,0.221398,0.349065,0.700163
2023-05_game_0020705,rapid,71,98.3475,128.2816,0.322391,0.770613,0.237239,0.584547,0.627469,0.234509
2019-05_game_0016102,rapid,25,606.0123,711.5701,0.43505,0.240677,0.183405,0.046337,0.623523,0.051686
2023-05_game_0005674,rapid,83,743.3331,610.8055,0.727341,0.384802,0.666741,0.273554,0.638505,0.528047
2019-01_game_0019497,rapid,61,430.2097,393.2845,0.517112,0.445865,0.576448,0.202398,0.60921,0.220871
2019-04_game_0007002,rapid,100,442.3524,475.6078,0.509705,0.477674,0.262986,0.534866,0.448872,0.437746
2019-03_game_0016494,rapid,67,521.0885,464.64,0.416497,0.646664,0.306018,0.46682,0.773708,0.601434
2023-05_game_0011590,rapid,78,296.5475,253.1521,0.405988,0.330017,0.28594,0.264365,0.188444,0.486665
2019-06_game_0000672,rapid,100,401.0287,428.4868,0.428442,0.411603,0.344895,0.74796,0.353559,0.544783
2019-04_game_0021370,rapid,93,144.0936,131.0561,0.370563,0.730642,0.325404,0.564175,0.839693,0.605422
2019-03_game_0000099,rapid,64,487.1824,308.5077,0.806135,0.495281,0.26401,0.396644,0.650054,0.891186
2019-02_game_0018185,rapid,99,153.0879,273.896,0.418285,0.616801,0.255107,0.512394,0.257709,0.13559
2019-04_game_0010975,rapid,100,288.6088,302.2875,0.482932,0.400985,0.491579,0.332282,0.758635,0.740426
2019-02_game_0002825,rapid,100,156.0146,167.8205,0.406219,0.480441,0.413046,0.603499,0.190273,0.377255
2019-05_game_0027421,rapid,50,230.4816,241.344,0.336222,0.245764,0.273743,0.183257,0.100662,0.683094
2019-01_game_0000644,rapid,80,392.8157,205.6429,0.851476,0.425182,0.366709,0.336006,0.433651,0.63861
2019-06_game_0022096,rapid,81,251.0919,244.1711,0.501772,0.393083,0.909723,0.175311,0.391091,0.442385
2019-02_game_0029776,rapid,29,759.7802,903.3215,0.544893,0.39775,0.287932,0.049806,0.155833,0.024921
2023-05_game_0024629,rapid,62,198.0374,199.2295,0.356896,0.561828,0.170987,0.231212,0.123642,0.630437
2023-05_game_0027740,rapid,51,159.0703,376.8734,0.634187,0.46011,0.809045,0.173252,0.75076,0.054426
2019-02_game_0015006,rapid,43,377.0406,382.1602,0.48426,0.676065,0.266397,0.135395,0.801978,0.437425
2023-05_game_0012583,rapid,53,300.9108,314.0198,0.673165,0.28815,0.476182,0.225835,0.041774,0.106084
2019-06_game_0005337,rapid,93,484.0023,478.6114,0.335398,0.271673,0.471996,0.263843,0.478912,0.32943
2019-02_game_0011025,rapid,63,98.2343,146.163,0.547852,0.356142,0.445171,0.265375,0.492125,0.445292
2019-05_game_0028216,rapid,63,744.9088,843.7047,0.8198,0.342226,0.474344,0.221891,0.796672,0.295595
2019-06_game_0005171,rapid,55,685.084,494.311,0.418247,0.460802,0.668363,0.211995,0.481029,0.133607
2019-03_game_0029770,rapid,90,84.09,243.708,0.302342,0.689494,0.227566,0.912764,0.107572,0.820789
2019-01_game_0020844,rapid,100,178.0934,263.3932,0.38398,0.545283,0.403697,0.518162,0.242551,0.420911
2019-04_game_0003061,rapid,100,212.4085,213.2043,0.536148,0.389987,0.510004,0.289737,0.482334,0.530971
2019-05_game_0016147,rapid,100,254.9513,298.7168,0.462775,0.692957,0.417959,0.61758,0.456302,0.700781
2019-05_game_0021330,rapid,78,357.7761,351.1753,0.339084,0.542347,0.233677,0.551971,0.688821,0.653327
2019-06_game_0019818,rapid,97,318.2448,295.3561,0.629858,0.41275,0.501268,0.352488,0.329045,0.286202
2023-05_game_0011805,rapid,25,168.0437,311.7719,0.217781,0.135644,0.075738,0.054478,0.742468,0.412686
2019-05_game_0020152,rapid,22,177.7169,874.9016,0.176042,0.346401,0.05424,0.227062,0.047588,0.558581
2019-04_game_0010834,rapid,95,138.4587,166.4369,0.465636,0.536366,0.342447,0.41429,0.361769,0.440188
2019-01_game_0010579,rapid,63,413.5107,417.1464,0.725125,0.389612,0.365846,0.296167,0.857317,0.383908
2019-01_game_0021215,rapid,88,177.8298,227.5145,0.462418,0.435308,0.643797,0.300329,0.476114,0.489364
2019-01_game_0013874,rapid,66,146.7979,152.3741,0.519387,0.453301,0.285609,0.596646,0.267391,0.657998
2019-01_game_0017601,rapid,89,182.7574,200.829,0.692952,0.31076,0.635801,0.170388,0.711029,0.333199
2023-05_game_0023664,rapid,59,396.5075,380.1428,0.734739,0.357037,0.910734,0.133483,0.812406,0.267345
2019-04_game_0010225,rapid,38,127.552,163.5666,0.285995,0.291405,0.14649,0.122183,0.349867,0.613629
2023-05_game_0026233,rapid,53,88.1238,87.2912,0.657618,0.442722,0.539124,0.221165,0.819949,0.067047
2019-06_game_0027305,rapid,68,177.0357,146.7787,0.413548,0.424989,0.211628,0.215961,0.155905,0.556426
2019-01_game_0012216,rapid,91,141.6054,448.9048,0.561267,0.460272,0.847633,0.342356,0.519611,0.384053
2019-05_game_0010372,rapid,58,307.975,343.9377,0.791222,0.310747,0.280387,0.693631,0.46383,0.452153
2019-05_game_0007065,rapid,41,359.4606,384.0716,0.365168,0.405023,0.425686,0.111707,0.432696,0.121671
2023-05_game_0020464,rapid,94,139.3248,125.7783,0.397937,0.443959,0.340822,0.425892,0.47107,0.362247
2019-01_game_0013244,rapid,55,100.3152,102.349,0.451051,0.412941,0.276669,0.422571,0.757047,0.7199
2019-03_game_0009631,rapid,87,325.7632,325.7262,0.439534,0.397949,0.638274,0.423208,0.76408,0.409636
2023-05_game_0018944,rapid,54,127.8647,214.8547,0.703462,0.310755,0.285774,0.396394,0.1517,0.597306
2019-05_game_0022484,rapid,69,563.6249,590.3499,0.695673,0.296358,0.66203,0.279047,0.558734,0.38291
2019-06_game_0016157,rapid,32,119.1705,128.1531,0.254329,0.176756,0.116475,0.103783,0.172302,0.558899
2019-03_game_0023763,rapid,52,243.3358,262.5806,0.657991,0.446088,0.225639,0.625805,0.154665,0.833041
2019-06_game_0005174,rapid,49,374.7677,492.6171,0.437979,0.571374,0.248345,0.209821,0.795408,0.384045
2023-05_game_0028956,rapid,87,374.5833,399.3483,0.367723,0.443933,0.37966,0.251268,0.242656,0.187868
2019-01_game_0019205,rapid,100,49.8081,210.467,0.447909,0.480898,0.330461,0.469891,0.415832,0.486537
2023-05_game_0016691,rapid,55,607.1861,536.1537,0.449105,0.448282,0.349884,0.305512,0.726965,0.334174
2019-02_game_0025927,rapid,31,441.2908,481.1144,0.389085,0.342741,0.139216,0.160849,0.328197,0.063881
2019-03_game_0022027,rapid,100,76.8748,86.3728,0.405608,0.588806,0.310277,0.574599,0.25758,0.592741
2023-05_game_0000317,rapid,58,236.1207,234.4624,0.308805,0.414927,0.433626,0.194534,0.153823,0.715313
2019-04_game_0017680,rapid,92,152.5413,187.3615,0.369152,0.574129,0.270129,0.910331,0.615943,0.606109
2019-03_game_0002036,rapid,26,591.6081,591.5125,0.320302,0.331637,0.082353,0.385905,0.049988,0.093855
2019-01_game_0016464,rapid,49,168.2406,140.8511,0.608643,0.399647,0.215465,0.218924,0.699954,0.095979
2019-05_game_0026231,rapid,23,407.0304,497.543,0.283568,0.171432,0.179089,0.034694,0.470216,0.053011
2019-02_game_0011163,rapid,100,535.9598,591.1665,0.588116,0.633544,0.413151,0.484711,0.424913,0.621993
2019-04_game_0000232,rapid,53,198.361,560.3298,0.666525,0.495255,0.535689,0.171431,0.764408,0.242476
2019-02_game_0025695,rapid,66,579.8698,659.4987,0.2974,0.786129,0.201262,0.783996,0.489616,0.836911
2019-03_game_0005453,rapid,60,638.3739,558.7092,0.339592,0.740589,0.188798,0.826428,0.43589,0.773277
2019-05_game_0008472,rapid,53,284.2449,293.3802,0.692498,0.343697,0.372022,0.198505,0.765131,0.082957
2019-05_game_0015655,rapid,24,516.1744,434.489,0.232795,0.26573,0.045472,0.067207,0.036487,0.137129
2019-02_game_0019347,rapid,61,568.9261,738.3483,0.732934,0.348345,0.268996,0.217862,0.862846,0.481591
2019-01_game_0022514,rapid,44,341.4273,762.2464,0.297357,0.523764,0.190801,0.285214,0.388142,0.382737
2019-02_game_0006696,rapid,100,482.1714,486.3427,0.483099,0.393512,0.274921,0.671326,0.301032,0.418492
2019-01_game_0000721,rapid,86,470.0881,483.9202,0.378547,0.506862,0.216983,0.81067,0.324043,0.254322
2019-06_game_0002149,rapid,45,28.3022,131.7294,0.416986,0.488792,0.578385,0.164359,0.246888,0.039642
2019-01_game_0009630,rapid,58,434.1252,537.3196,0.372163,0.798554,0.155107,0.886941,0.17874,0.856738
2019-04_game_0025176,rapid,85,693.6735,395.9337,0.775357,0.360198,0.46984,0.26785,0.720401,0.428943
2023-05_game_0005585,rapid,100,456.2364,452.0745,0.496894,0.412513,0.525589,0.375551,0.51398,0.723991
2019-01_game_0027309,rapid,70,214.3321,224.5074,0.317995,0.704213,0.170772,0.798858,0.110073,0.660783
2023-05_game_0000319,rapid,91,676.8084,652.9637,0.65228,0.333597,0.602657,0.234723,0.549414,0.386737
2019-06_game_0012190,rapid,83,344.0191,386.2754,0.374025,0.440491,0.412876,0.32397,0.480044,0.350455
2019-01_game_0001574,rapid,100,298.8292,270.7539,0.37484,0.533526,0.23044,0.640323,0.583241,0.688598
2019-04_game_0012283,rapid,72,344.3269,424.4153,0.500446,0.762325,0.218167,0.603348,0.342885,0.440528
2019-05_game_0007431,rapid,100,292.9818,315.1697,0.623509,0.402365,0.526497,0.34573,0.761543,0.636753
2019-01_game_0010398,rapid,100,65.4982,59.3739,0.416253,0.480707,0.490929,0.4005,0.393741,0.30722
2019-02_game_0007008,rapid,68,271.8994,272.2155,0.350229,0.614741,0.404295,0.37043,0.281467,0.759916
2019-05_game_0021553,rapid,38,335.9536,347.9576,0.542265,0.466644,0.133366,0.168365,0.322001,0.762289
2019-01_game_0011807,rapid,26,225.9312,213.5851,0.370225,0.42619,0.042734,0.054157,0.065721,0.17807
2019-04_game_0025916,rapid,57,519.9089,292.1201,0.271674,0.306948,0.187392,0.161068,0.266297,0.204888
2019-01_game_0007577,rapid,53,840.545,844.1762,0.840182,0.35178,0.264879,0.21658,0.651004,0.128291
2019-06_game_0005748,rapid,100,331.615,330.7822,0.547166,0.444072,0.452298,0.568122,0.229282,0.454274
2019-04_game_0028443,rapid,33,318.5278,165.3039,0.26743,0.230019,0.07858,0.060019,0.145551,0.115738
2019-06_game_0024958,rapid,64,626.9908,640.3032,0.304729,0.605535,0.242038,0.411328,0.150968,0.766962
2019-05_game_0004738,rapid,96,305.1899,306.7617,0.419996,0.429669,0.371218,0.513445,0.343802,0.510888
2023-05_game_0005912,rapid,71,252.808,280.5821,0.599143,0.441787,0.448731,0.243488,0.768693,0.470722
2019-05_game_0017114,rapid,100,97.2232,36.6073,0.442804,0.503339,0.372026,0.43985,0.762361,0.864325
2019-06_game_0004056,rapid,29,61.3307,203.0757,0.492411,0.454895,0.119887,0.090547,0.49078,0.427622
2019-06_game_0010080,rapid,30,281.6059,288.9057,0.259599,0.272752,0.076924,0.403296,0.023188,0.423469
2019-06_game_0015431,rapid,31,325.7245,203.1177,0.512504,0.408641,0.134418,0.113139,0.20604,0.039995
2023-05_game_0021017,rapid,100,248.6597,208.5944,0.364548,0.412175,0.303439,0.578246,0.28869,0.338343
2019-04_game_0024096,rapid,20,301.046,291.9874,0.089807,0.096598,0.041496,0.145524,0.017983,0.017226
2019-06_game_0014594,rapid,81,270.7325,304.5215,0.654383,0.378337,0.905861,0.229785,0.577613,0.326883
2019-06_game_0029264,rapid,55,248.2871,220.395,0.718433,0.349615,0.281185,0.274945,0.829971,0.131487
2023-05_game_0003254,rapid,60,458.2842,453.0327,0.337634,0.455237,0.228153,0.512381,0.363793,0.747162
2023-05_game_0011340,rapid,100,284.2528,272.7991,0.608785,0.473539,0.352201,0.432656,0.244853,0.30986
2019-02_game_0003356,rapid,76,186.8908,242.176,0.34037,0.375994,0.240329,0.800674,0.620269,0.805029
2019-06_game_0002831,rapid,65,327.4722,296.9711,0.401856,0.34563,0.736905,0.173418,0.644325,0.056904
2019-04_game_0000891,rapid,57,562.2695,585.2716,0.756727,0.376126,0.862404,0.18852,0.798735,0.141479
2019-05_game_0027179,rapid,65,483.5524,487.047,0.32938,0.801247,0.206152,0.445577,0.865954,0.574961
2019-06_game_0016284,rapid,40,222.868,61.389,0.387417,0.367533,0.131005,0.110714,0.570854,0.621898
2019-06_game_0018274,rapid,32,345.323,340.506,0.320147,0.509746,0.092217,0.767712,0.239672,0.6799
2019-02_game_0004512,rapid,54,176.2875,158.3131,0.357547,0.658552,0.24173,0.248076,0.058538,0.757971
2019-04_game_0023026,rapid,32,182.1247,184.623,0.365666,0.430506,0.129903,0.234686,0.280227,0.727087
2019-04_game_0027272,rapid,56,198.2337,232.3802,0.252822,0.661044,0.14208,0.825517,0.325455,0.705103
2023-05_game_0002688,rapid,45,450.8956,509.7516,0.707296,0.347028,0.212111,0.205215,0.743604,0.228571
2019-03_game_0019420,rapid,51,426.1418,421.1496,0.750385,0.296822,0.828417,0.152797,0.819209,0.172429
2019-02_game_0014898,rapid,68,242.0107,254.6478,0.295388,0.736525,0.225957,0.894949,0.385722,0.733795
2019-01_game_0010275,rapid,97,311.4008,237.7897,0.525318,0.381295,0.858263,0.362365,0.674597,0.440196
2019-02_game_0011708,rapid,82,97.9837,77.7096,0.69351,0.36225,0.369679,0.343652,0.275193,0.579165
2023-05_game_0012409,rapid,54,202.1087,216.9471,0.337516,0.785904,0.151229,0.914969,0.082583,0.444889
2019-04_game_0020112,rapid,32,639.3759,544.7388,0.376019,0.507806,0.147906,0.242702,0.206358,0.610006
2019-01_game_0012937,rapid,82,206.8822,195.5086,0.482883,0.362024,0.331848,0.441712,0.591052,0.726145
2019-01_game_0021088,rapid,100,192.8313,208.1923,0.512941,0.394447,0.530975,0.370752,0.522876,0.499622
2019-01_game_0021525,rapid,100,257.1727,306.1396,0.390377,0.525295,0.432856,0.402171,0.302947,0.498199
2019-04_game_0025101,rapid,71,263.1406,327.0046,0.311887,0.495672,0.319814,0.290778,0.774625,0.507056
2019-03_game_0029179,rapid,100,384.5945,362.7829,0.4997,0.430034,0.340955,0.898964,0.609005,0.663439
2019-05_game_0026644,rapid,46,319.3164,320.2945,0.478333,0.615242,0.146503,0.846998,0.075177,0.33537
2019-04_game_0021495,rapid,93,132.3267,160.3532,0.403222,0.524993,0.35496,0.296501,0.688207,0.563713
2019-06_game_0002992,rapid,34,506.2917,506.9804,0.459346,0.653894,0.131419,0.117562,0.011864,0.093627
2019-05_game_0012692,rapid,32,263.9253,358.652,0.18999,0.215213,0.085743,0.174586,0.07744,0.416459
2019-02_game_0013313,rapid,47,415.9271,414.0126,0.420311,0.574858,0.637493,0.212824,0.677781,0.117707
2019-03_game_0009780,rapid,53,175.2353,176.5957,0.3931,0.356567,0.702662,0.180973,0.708308,0.055416
2019-04_game_0022819,rapid,42,281.8772,54.2682,0.471997,0.614296,0.132047,0.193801,0.341108,0.705593
2019-04_game_0004050,rapid,100,219.3288,273.6469,0.46847,0.525919,0.414368,0.678289,0.439523,0.540837
2019-01_game_0027657,rapid,30,485.6674,474.8309,0.219818,0.199564,0.085522,0.095131,0.16596,0.369269
2023-05_game_0022655,rapid,54,563.9504,614.5334,0.311502,0.687699,0.239075,0.254106,0.186225,0.70702
2019-06_game_0011814,rapid,39,256.3249,255.7711,0.449343,0.420022,0.116575,0.133786,0.652114,0.111628
2019-04_game_0016281,rapid,41,306.0953,358.6646,0.27168,0.310704,0.211393,0.262423,0.745633,0.633923
2023-05_game_0029833,rapid,33,316.5524,406.6835,0.419475,0.38783,0.224043,0.166607,0.658449,0.2372
2019-06_game_0008835,rapid,100,334.6952,363.3207,0.480442,0.577507,0.24592,0.948123,0.123459,0.429008
2019-05_game_0008418,rapid,82,342.7861,399.8951,0.780333,0.374668,0.219282,0.381416,0.411635,0.79524
2019-05_game_0002549,rapid,100,533.1408,537.8791,0.406638,0.461702,0.399016,0.363096,0.47129,0.618414
2019-04_game_0025106,rapid,80,658.6674,653.459,0.549648,0.67505,0.30197,0.869605,0.372991,0.380302
2023-05_game_0026816,rapid,100,745.7405,338.6255,0.401139,0.478001,0.369487,0.489747,0.190847,0.348529
2019-02_game_0027305,rapid,42,307.8243,314.5458,0.452549,0.279959,0.202568,0.150139,0.482848,0.621903
2019-04_game_0005732,rapid,26,187.3972,231.2637,0.121328,0.118479,0.038556,0.042622,0.086203,0.107087
2019-03_game_0028779,rapid,44,809.8523,995.7759,0.432874,0.75092,0.178057,0.160612,0.094795,0.613412
2019-06_game_0004230,rapid,43,440.2775,304.9308,0.625801,0.462025,0.864704,0.187242,0.818908,0.113704
2019-05_game_0016936,rapid,31,280.7231,274.1107,0.400311,0.497323,0.73511,0.146527,0.683743,0.068982
2019-02_game_0019547,rapid,63,452.4877,276.2738,0.667981,0.31404,0.823177,0.15608,0.789454,0.223336
2023-05_game_0021555,rapid,100,382.3329,476.2618,0.397046,0.42618,0.36454,0.378117,0.420935,0.58573
2023-05_game_0015117,rapid,97,382.2162,366.2725,0.425801,0.581181,0.467097,0.474483,0.394939,0.426877
2019-05_game_0027387,rapid,100,320.6206,318.2968,0.585632,0.415276,0.268487,0.593694,0.455245,0.675178
2019-02_game_0003889,rapid,69,365.4491,353.2554,0.630441,0.508997,0.384798,0.249914,0.750556,0.586786
2019-04_game_0019089,rapid,55,213.449,200.3161,0.480222,0.426435,0.536185,0.195388,0.749572,0.127017
2019-05_game_0024188,rapid,38,302.2767,307.852,0.299412,0.685075,0.131837,0.227803,0.112784,0.730788
2019-05_game_0000951,rapid,100,205.8973,242.8409,0.436899,0.533212,0.563496,0.389152,0.317492,0.351226
2019-04_game_0009372,rapid,100,208.6223,206.9809,0.496437,0.582947,0.395993,0.563204,0.843626,0.733445
2019-06_game_0024318,rapid,50,212.8447,473.9789,0.317754,0.235236,0.165845,0.254237,0.191724,0.626189
2019-03_game_0026151,rapid,43,336.1293,336.8068,0.658448,0.573377,0.572226,0.170134,0.137344,0.432244
2019-02_game_0015574,rapid,55,209.8956,355.4465,0.765967,0.391954,0.405407,0.243471,0.645263,0.081087
2019-04_game_0010413,rapid,59,575.5326,589.2227,0.603757,0.384868,0.762424,0.194047,0.698204,0.152393
2019-05_game_0004653,rapid,90,280.5438,229.5739,0.292773,0.640753,0.286278,0.466049,0.583291,0.40392
2019-06_game_0004441,rapid,64,75.1885,80.2523,0.680748,0.36766,0.247795,0.273596,0.194662,0.651464
2019-06_game_0025046,rapid,30,224.7135,328.8792,0.196508,0.187804,0.068118,0.104247,0.10404,0.303953
2019-01_game_0007024,rapid,59,121.3026,103.6374,0.466797,0.651948,0.797089,0.43839,0.216916,0.381223
2019-03_game_0017087,rapid,93,278.0312,416.2661,0.370077,0.368424,0.545655,0.392411,0.633067,0.261045
2023-05_game_0010301,rapid,65,120.2862,96.1821,0.360564,0.512299,0.563573,0.202665,0.631405,0.094909
2019-06_game_0006050,rapid,100,133.3713,106.1318,0.477654,0.452696,0.689792,0.386579,0.202332,0.316233
2023-05_game_0019184,rapid,100,155.3031,190.6496,0.414124,0.507063,0.49495,0.465264,0.145955,0.426124
2019-01_game_0009163,rapid,100,119.1403,230.1437,0.400022,0.39168,0.333236,0.319541,0.483874,0.627221
2019-02_game_0024209,rapid,39,435.373,461.5243,0.43433,0.365139,0.168943,0.135193,0.437026,0.104915
2019-05_game_0008627,rapid,49,287.9592,302.6887,0.75539,0.357486,0.204977,0.159659,0.639217,0.198222
2023-05_game_0000104,rapid,100,492.5546,594.6514,0.635592,0.510631,0.498355,0.383647,0.618128,0.649411
2019-03_game_0029774,rapid,55,95.0387,119.8411,0.266602,0.287318,0.16551,0.129113,0.855395,0.111082
2023-05_game_0019210,rapid,100,268.1174,294.807,0.452966,0.548437,0.555206,0.339692,0.299803,0.552003
2019-01_game_0007591,rapid,78,157.6902,155.7419,0.506206,0.501209,0.427707,0.273814,0.304654,0.627123
2019-06_game_0011251,rapid,87,101.3953,95.7955,0.421878,0.341798,0.638327,0.276039,0.612212,0.308445
2019-06_game_0013890,rapid,86,383.6476,369.5416,0.362042,0.431725,0.236046,0.390275,0.51592,0.472219
2019-03_game_0001185,rapid,99,177.6287,165.1247,0.549485,0.433876,0.833368,0.30307,0.438891,0.288178
2019-04_game_0014449,rapid,50,365.1731,341.1193,0.389492,0.732469,0.230396,0.186247,0.201184,0.602171
2023-05_game_0026323,rapid,30,213.1757,211.1963,0.240356,0.375115,0.099741,0.342348,0.02478,0.435341
2019-04_game_0025289,rapid,69,243.079,207.9612,0.664703,0.344675,0.382153,0.17124,0.663223,0.484383
2019-04_game_0005069,rapid,94,135.6075,145.8082,0.480268,0.433081,0.269055,0.529057,0.308934,0.545808
2023-05_game_0020265,rapid,47,415.9965,450.0285,0.189084,0.252982,0.16079,0.131318,0.433053,0.252914
2019-05_game_0010910,rapid,68,388.763,363.1647,0.375877,0.545718,0.258777,0.28692,0.443007,0.774339
2019-04_game_0022863,rapid,82,445.4703,469.9514,0.333564,0.822271,0.213382,0.901466,0.559419,0.700699
2019-05_game_0020655,rapid,57,336.359,344.9829,0.815817,0.399406,0.511616,0.229306,0.686527,0.124244
2019-06_game_0023537,rapid,52,503.5016,299.5851,0.558768,0.400699,0.26673,0.174955,0.052972,0.288642
2019-05_game_0022808,rapid,79,778.4993,794.6033,0.805169,0.364049,0.840926,0.24039,0.515165,0.204993
2023-05_game_0004682,rapid,88,153.7652,126.8151,0.363893,0.542983,0.370773,0.496549,0.59876,0.50606
2019-03_game_0027079,rapid,100,126.6569,142.7244,0.426915,0.586633,0.39594,0.540339,0.457273,0.453952
2019-03_game_0019362,rapid,100,479.2191,524.5457,0.396477,0.556841,0.463519,0.369301,0.373966,0.485659
2019-04_game_0023133,rapid,79,613.1818,646.1635,0.355984,0.676784,0.433641,0.288413,0.420872,0.260702
2023-05_game_0019364,rapid,55,417.5592,129.7882,0.604445,0.401638,0.736088,0.16392,0.076115,0.491691
2023-05_game_0011089,rapid,100,216.4045,217.295,0.484761,0.35226,0.451643,0.322484,0.174875,0.423154
2023-05_game_0000028,rapid,58,423.917,383.0125,0.244167,0.717389,0.125427,0.903349,0.581296,0.835042
2019-01_game_0007341,rapid,63,401.9564,408.7504,0.646411,0.349733,0.901912,0.148106,0.557428,0.23048
2019-03_game_0013370,rapid,48,603.0332,610.6383,0.293966,0.670295,0.203007,0.245421,0.27325,0.858154
2019-04_game_0011989,rapid,70,108.0136,51.943,0.436019,0.465996,0.231975,0.308784,0.297146,0.725592
2019-02_game_0019561,rapid,48,341.8936,360.4083,0.399781,0.498293,0.204691,0.385048,0.210932,0.623503
2023-05_game_0019601,rapid,51,171.593,165.8851,0.774895,0.310851,0.872132,0.157135,0.731609,0.144391
2019-03_game_0022042,rapid,55,323.4016,329.8611,0.799475,0.40982,0.403848,0.181734,0.892805,0.113693
2023-05_game_0011911,rapid,21,329.3422,228.5871,0.212188,0.062974,0.063452,0.047205,0.386357,0.080469
2019-04_game_0029944,rapid,82,363.8019,387.5477,0.283755,0.491989,0.187037,0.711123,0.340932,0.589215
2019-01_game_0016042,rapid,57,438.2159,403.6608,0.64057,0.298305,0.723665,0.162076,0.615999,0.041688
2019-01_game_0022950,rapid,70,256.8885,233.5731,0.36336,0.738206,0.251645,0.386457,0.384149,0.795483
2019-04_game_0003541,rapid,41,112.4821,146.6685,0.455843,0.662768,0.342394,0.191256,0.329751,0.371883
2019-06_game_0016548,rapid,97,188.492,227.5408,0.449709,0.43724,0.498638,0.437752,0.309244,0.430458
2023-05_game_0000436,rapid,91,168.5047,144.7863,0.463691,0.290224,0.529062,0.302534,0.294623,0.332637
2019-03_game_0023021,rapid,79,735.2897,387.1755,0.491151,0.361225,0.701094,0.211118,0.75444,0.206925
2019-01_game_0014089,rapid,58,109.0588,95.6101,0.444802,0.425202,0.190257,0.631773,0.117304,0.538626
2019-03_game_0010190,rapid,54,229.0419,250.4423,0.625238,0.482797,0.186973,0.724051,0.077072,0.751703
2023-05_game_0016884,rapid,100,419.6654,636.3188,0.613112,0.619599,0.278804,0.595888,0.138066,0.10466
2019-02_game_0020275,rapid,82,410.5939,403.0829,0.378224,0.685948,0.363488,0.239712,0.438958,0.640049
2019-05_game_0012299,rapid,36,101.1164,106.1478,0.415173,0.640102,0.12705,0.663738,0.161072,0.60186
2019-02_game_0005744,rapid,45,188.5121,163.7029,0.468727,0.389848,0.242195,0.114186,0.699901,0.112049
2019-06_game_0001834,rapid,52,338.8771,311.2961,0.67393,0.623295,0.159436,0.332007,0.282725,0.642871
2019-05_game_0004605,rapid,52,414.2696,397.1804,0.418333,0.54995,0.181593,0.586974,0.221237,0.822757
2019-04_game_0026649,rapid,57,751.5755,732.5892,0.751928,0.327238,0.563608,0.238348,0.599948,0.339521
2019-02_game_0013370,rapid,66,123.7146,135.2054,0.344453,0.782315,0.204316,0.406905,0.276958,0.589296
2019-05_game_0006959,rapid,37,118.7309,113.5029,0.471804,0.417605,0.443379,0.136015,0.563907,0.056703
2023-05_game_0024641,rapid,30,333.3115,322.6301,0.551323,0.37253,0.139443,0.5396,0.204445,0.484721
2019-01_game_0002485,rapid,34,758.6533,669.0229,0.70813,0.395897,0.124761,0.22123,0.121886,0.671066
2023-05_game_0019226,rapid,78,228.2646,252.0611,0.36118,0.814929,0.199101,0.615365,0.26565,0.589965
2019-06_game_0025569,rapid,42,713.8192,747.2793,0.447999,0.772676,0.124958,0.763824,0.064642,0.596916
2019-03_game_0013435,rapid,25,233.9955,248.1343,0.490744,0.286823,0.66373,0.075669,0.467209,0.06877
2023-05_game_0028163,rapid,72,317.9404,369.9187,0.379391,0.714038,0.241893,0.348058,0.239169,0.474824
2019-05_game_0003385,rapid,82,346.8441,470.5742,0.431756,0.274558,0.295626,0.58029,0.42151,0.547053
2019-03_game_0011795,rapid,38,98.7195,30.4571,0.444366,0.344373,0.102778,0.437191,0.105024,0.647548
2019-02_game_0016033,rapid,23,685.806,687.9802,0.261213,0.415905,0.347267,0.067272,0.489479,0.055372
2023-05_game_0000486,rapid,100,149.7893,155.6583,0.59029,0.475498,0.462344,0.42574,0.343836,0.268018
2019-04_game_0006804,rapid,24,264.65,450.8638,0.296636,0.507566,0.055569,0.059224,0.038397,0.383272
2019-05_game_0016253,rapid,24,280.5995,262.4411,0.171279,0.133696,0.054789,0.083905,0.010713,0.167068
2019-01_game_0017317,rapid,37,777.6028,733.0456,0.579391,0.643654,0.721511,0.232812,0.703434,0.231932
2023-05_game_0001381,rapid,26,427.0497,767.4742,0.271107,0.394097,0.058248,0.223253,0.127774,0.733851
2019-06_game_0024242,rapid,81,501.935,521.2915,0.680349,0.392302,0.88041,0.288344,0.653205,0.451595
2019-01_game_0011811,rapid,48,281.6963,276.1287,0.575623,0.378797,0.142104,0.715208,0.130625,0.663621
2019-06_game_0002216,rapid,49,282.2714,566.6175,0.530818,0.515815,0.223392,0.188453,0.55906,0.487123
2019-01_game_0009745,rapid,56,245.8287,152.5881,0.74842,0.395131,0.295523,0.209975,0.35175,0.669358
2019-04_game_0016765,rapid,100,317.258,281.7233,0.440348,0.523775,0.345871,0.53165,0.471496,0.560437
2019-02_game_0026479,rapid,84,127.2812,88.3112,0.496069,0.533544,0.303005,0.423273,0.104175,0.613363
2019-02_game_0025150,rapid,52,109.2675,185.3869,0.244953,0.364687,0.233931,0.252348,0.078937,0.589074
2019-01_game_0000682,rapid,100,113.7502,116.57,0.399577,0.497881,0.373788,0.545961,0.512884,0.49921
2019-03_game_0007115,rapid,64,222.2715,204.4068,0.377594,0.659533,0.213568,0.777527,0.089767,0.503026
2019-04_game_0011275,rapid,100,266.3667,258.0205,0.389121,0.544009,0.364153,0.529389,0.476359,0.667271
2019-04_game_0028578,rapid,78,452.5714,423.7973,0.324321,0.695823,0.233792,0.852797,0.457624,0.57108
2023-05_game_0011575,rapid,40,736.6276,796.6404,0.295353,0.426729,0.129573,0.25163,0.561756,0.773022
2019-06_game_0014025,rapid,44,238.5441,236.7354,0.536074,0.496033,0.166658,0.171648,0.084097,0.060843
2023-05_game_0024017,rapid,65,106.5756,123.3566,0.780973,0.568357,0.44311,0.202359,0.492507,0.16958
2019-01_game_0026173,rapid,100,411.999,420.1639,0.471256,0.52913,0.440454,0.53432,0.464544,0.571285
2019-06_game_0011389,rapid,43,440.051,302.1528,0.414558,0.396783,0.700237,0.177474,0.558458,0.275069
2019-05_game_0008795,rapid,52,317.4511,262.081,0.302425,0.583021,0.160136,0.832364,0.152299,0.757092
2019-01_game_0011651,rapid,24,105.018,181.7609,0.193727,0.145391,0.042168,0.04028,0.190245,0.428145
2019-02_game_0000472,rapid,100,213.0972,213.3882,0.402273,0.512929,0.415512,0.48345,0.351027,0.412673
2019-04_game_0006025,rapid,76,348.4633,375.2549,0.800847,0.470014,0.274722,0.890356,0.275526,0.75859
2023-05_game_0002658,rapid,48,121.1075,124.5792,0.264328,0.235494,0.185788,0.143772,0.299847,0.594157
2019-06_game_0026742,rapid,82,253.7677,364.5731,0.324668,0.764489,0.299376,0.553237,0.319883,0.686445
2023-05_game_0019262,rapid,60,104.2728,103.8281,0.425674,0.466713,0.221007,0.438789,0.301185,0.724705
2019-06_game_0006670,rapid,100,353.9275,442.0814,0.540742,0.368612,0.513746,0.337855,0.232387,0.523009
2019-03_game_0005290,rapid,56,657.7885,623.4225,0.325858,0.844839,0.184634,0.602213,0.148528,0.661563
2019-04_game_0012535,rapid,28,608.0331,655.7289,0.209285,0.236597,0.041005,0.050748,0.106597,0.225235
2019-02_game_0013973,rapid,26,168.9142,212.8447,0.362306,0.35665,0.056367,0.051982,0.028907,0.149662
2019-06_game_0005505,rapid,100,432.4353,456.8806,0.397824,0.556852,0.275499,0.699989,0.633772,0.63235
2019-03_game_0007790,rapid,61,361.1747,360.5269,0.462709,0.3298,0.43115,0.247594,0.798238,0.277277
2023-05_game_0018037,rapid,61,127.1038,116.1687,0.534376,0.388576,0.277438,0.175276,0.557918,0.437472
2019-06_game_0000707,rapid,98,27.6357,41.3146,0.46384,0.598383,0.348553,0.533616,0.194605,0.365414
2019-02_game_0027999,rapid,83,511.4928,444.3251,0.358903,0.547574,0.367043,0.478774,0.801705,0.410608
2019-03_game_0021864,rapid,100,350.1395,410.4955,0.499095,0.495809,0.464524,0.44459,0.336738,0.543835
2019-05_game_0002659,rapid,93,485.485,443.5536,0.271859,0.566588,0.272029,0.563623,0.727302,0.58073
2019-02_game_0004657,rapid,100,75.2178,71.7275,0.463499,0.569555,0.278925,0.441581,0.328405,0.376545
2019-06_game_0013588,rapid,64,336.4577,330.0203,0.345077,0.605145,0.204644,0.621359,0.357621,0.74792
2019-01_game_0025106,rapid,96,361.9376,355.7758,0.343952,0.687203,0.344175,0.364539,0.497319,0.405663
2019-02_game_0017408,rapid,37,566.8521,519.0333,0.463331,0.227125,0.213728,0.207277,0.590018,0.117878
2019-02_game_0006364,rapid,74,228.5144,247.9442,0.397672,0.783639,0.229596,0.8561,0.358876,0.804267
2023-05_game_0020366,rapid,56,167.3976,183.4894,0.680186,0.379669,0.240731,0.309266,0.119379,0.55104
2019-05_game_0011405,rapid,83,180.9223,193.6787,0.404997,0.444272,0.320092,0.303688,0.469105,0.362502
2019-05_game_0013506,rapid,69,260.26,387.9023,0.742838,0.336213,0.892021,0.199854,0.763393,0.227167
2019-06_game_0024214,rapid,67,323.2012,212.996,0.756897,0.350808,0.502811,0.277011,0.748012,0.337579
2019-04_game_0016610,rapid,53,413.8833,411.0872,0.688583,0.323396,0.742185,0.163141,0.704317,0.049717
2023-05_game_0028867,rapid,35,231.066,149.9544,0.619926,0.377111,0.616885,0.073355,0.657708,0.39666
2019-01_game_0004621,rapid,55,205.0212,68.3371,0.30224,0.787509,0.239174,0.326523,0.796834,0.535656
2019-04_game_0021160,rapid,94,111.076,108.454,0.370944,0.678892,0.320648,0.700539,0.516055,0.748975
2019-02_game_0026557,rapid,48,244.972,186.9593,0.592802,0.391537,0.18649,0.254626,0.20633,0.671596
2019-04_game_0026267,rapid,59,487.4782,500.7522,0.706649,0.496331,0.503219,0.218508,0.726285,0.078725
2019-04_game_0025444,rapid,44,277.0514,281.3291,0.435695,0.429548,0.407317,0.161314,0.109743,0.186363
2019-05_game_0009504,rapid,37,137.8902,129.6217,0.639356,0.40859,0.279083,0.137567,0.773427,0.223197
2019-05_game_0004536,rapid,93,299.5184,283.8261,0.561092,0.414802,0.589173,0.333059,0.505639,0.452926
2019-04_game_0029591,rapid,68,238.0487,240.8753,0.366554,0.42833,0.245987,0.683875,0.61013,0.519843
2019-06_game_0028163,rapid,39,173.1453,173.0847,0.221263,0.174855,0.159876,0.134883,0.493683,0.116571
2019-04_game_0017408,rapid,32,302.9844,330.9617,0.27011,0.64254,0.081021,0.570001,0.142394,0.714189
2019-04_game_0005008,rapid,37,262.4199,264.165,0.530658,0.38032,0.177259,0.162523,0.416948,0.06747
2019-04_game_0006544,rapid,85,252.2731,184.3985,0.424417,0.578112,0.613117,0.242543,0.737304,0.484714
2019-04_game_0018977,rapid,50,194.2833,48.315,0.339929,0.419521,0.191459,0.753783,0.341918,0.681851
2019-04_game_0008504,rapid,100,144.306,135.8472,0.543828,0.398773,0.415996,0.292269,0.421901,0.583046
2019-04_game_0004168,rapid,52,289.7676,279.1525,0.397608,0.386537,0.147272,0.179917,0.040808,0.644614
2023-05_game_0019165,rapid,100,605.8612,587.4139,0.591277,0.50944,0.630571,0.284802,0.452257,0.649841
2019-06_game_0023991,rapid,22,219.6027,217.0786,0.10995,0.144722,0.046678,0.08223,0.100261,0.708475
2019-06_game_0012071,rapid,100,301.2073,438.5606,0.451331,0.666101,0.416462,0.529364,0.627133,0.603867
2019-04_game_0029136,rapid,66,350.3571,217.6649,0.42814,0.408259,0.312776,0.548705,0.258786,0.082741
2019-03_game_0021536,rapid,100,399.3914,406.683,0.494296,0.445657,0.328538,0.564096,0.288478,0.427019
2019-06_game_0023516,rapid,100,550.8774,549.0646,0.503747,0.447703,0.28864,0.654901,0.414006,0.618045
2019-01_game_0024897,rapid,70,355.9523,640.6072,0.229387,0.385962,0.191923,0.248675,0.058617,0.708478
2019-06_game_0000034,rapid,50,319.8925,342.7972,0.75724,0.42074,0.170193,0.715439,0.111687,0.619347
2019-01_game_0012917,rapid,98,536.7941,621.3457,0.435472,0.713884,0.235056,0.365238,0.250604,0.653075
2019-05_game_0002948,rapid,40,599.6293,583.3284,0.448359,0.561298,0.118977,0.495692,0.042805,0.483302
2019-05_game_0001858,rapid,77,195.2522,197.254,0.370299,0.388537,0.480744,0.508541,0.432462,0.399515
2019-03_game_0014055,rapid,53,705.5983,561.5631,0.445007,0.44671,0.845843,0.184187,0.589565,0.20556
2019-01_game_0009276,rapid,95,194.025,246.0508,0.663159,0.507846,0.521562,0.363637,0.538012,0.33885
2019-06_game_0018628,rapid,83,162.5587,162.9969,0.682101,0.382331,0.320623,0.345955,0.547105,0.383646
2019-04_game_0010554,rapid,68,195.3251,103.7843,0.535191,0.401442,0.398993,0.22308,0.136921,0.668818
2019-02_game_0015833,rapid,39,905.9951,842.1356,0.538386,0.623235,0.252764,0.19123,0.401415,0.193778
2019-06_game_0004201,rapid,23,194.1326,183.881,0.33259,0.492954,0.188136,0.03246,0.172436,0.012147
2019-03_game_0025391,rapid,100,226.8667,268.3483,0.520642,0.4522,0.3901,0.361287,0.765194,0.634103
2019-04_game_0006013,rapid,92,66.4118,120.467,0.344481,0.544358,0.340837,0.562151,0.264559,0.517213
2019-05_game_0029569,rapid,60,313.5328,272.8287,0.473438,0.451509,0.251311,0.777835,0.507594,0.109057
2019-04_game_0027628,rapid,95,102.0399,53.3925,0.487535,0.395231,0.526472,0.221595,0.331663,0.280634
2019-04_game_0027219,rapid,65,163.3353,152.3354,0.347176,0.623536,0.573058,0.22832,0.454764,0.246663
2019-02_game_0006567,rapid,53,63.9657,406.1064,0.560897,0.365249,0.291856,0.183223,0.68758,0.55232
2019-01_game_0027740,rapid,54,256.7341,256.0731,0.408767,0.384659,0.197119,0.606738,0.23275,0.517217
2019-05_game_0009412,rapid,61,164.9614,179.2818,0.530051,0.597012,0.330817,0.234366,0.711075,0.340008
2019-02_game_0009490,rapid,62,638.3947,341.2703,0.430819,0.768294,0.217742,0.772084,0.444706,0.769477
2019-03_game_0014646,rapid,65,470.0955,472.1141,0.738706,0.477952,0.938235,0.256313,0.855132,0.887192
2019-06_game_0028875,rapid,100,266.3006,246.6178,0.444747,0.446592,0.390436,0.352106,0.428648,0.543
2023-05_game_0023035,rapid,81,134.2616,206.3249,0.606831,0.455113,0.719369,0.356919,0.42243,0.658049
2019-02_game_0009667,rapid,78,612.4952,578.254,0.348209,0.760587,0.327025,0.490725,0.776691,0.721442
2019-06_game_0016208,rapid,43,429.5206,842.9499,0.815521,0.358078,0.591772,0.185641,0.722282,0.282247
2019-01_game_0018977,rapid,28,292.5172,248.6131,0.423517,0.42872,0.081386,0.371052,0.405739,0.527103
2019-05_game_0027248,rapid,81,264.2805,307.6308,0.38753,0.357207,0.387625,0.336809,0.592389,0.448573
2019-06_game_0022378,rapid,65,796.4912,396.3019,0.592584,0.367331,0.550854,0.210396,0.927678,0.602692
2019-05_game_0000305,rapid,51,362.6436,366.6856,0.636035,0.419541,0.899608,0.135925,0.741466,0.219033
2019-05_game_0006774,rapid,100,208.5693,226.8622,0.426817,0.579435,0.251722,0.854859,0.329532,0.156346
2019-05_game_0009459,rapid,61,780.4447,781.1386,0.587181,0.466278,0.781507,0.261746,0.559681,0.176569
2023-05_game_0025606,rapid,35,200.1315,203.2212,0.6666,0.303323,0.304412,0.101612,0.382948,0.054558
2019-06_game_0012916,rapid,32,409.9637,784.1639,0.370797,0.531282,0.110514,0.71195,0.062257,0.497877
2019-05_game_0017758,rapid,77,289.4544,299.6613,0.785174,0.346962,0.856677,0.308245,0.663519,0.484896
2019-01_game_0027278,rapid,36,204.7461,251.0489,0.424711,0.599166,0.092048,0.807668,0.0819,0.81276
2019-02_game_0011240,rapid,50,163.4434,172.2191,0.539372,0.383706,0.180926,0.719402,0.489169,0.740322
2019-04_game_0023159,rapid,62,206.299,176.8139,0.387892,0.798118,0.181152,0.757228,0.442465,0.850653
2019-05_game_0007608,rapid,73,224.5861,238.3351,0.468384,0.436034,0.637396,0.252203,0.486087,0.309226
2019-06_game_0012517,rapid,98,479.4017,621.0928,0.36108,0.579151,0.329638,0.846461,0.576255,0.645611
2019-06_game_0005598,rapid,100,128.2458,274.3179,0.48474,0.411857,0.529152,0.393651,0.254776,0.363028
2019-01_game_0024570,rapid,100,144.0984,145.6788,0.470572,0.490092,0.370326,0.521718,0.513508,0.334469
2023-05_game_0004660,rapid,37,359.5929,418.4485,0.259686,0.221432,0.075809,0.082722,0.561258,0.046331
2019-01_game_0019561,rapid,58,405.1722,508.1158,0.344554,0.574861,0.151029,0.573005,0.234058,0.794709
2019-04_game_0017496,rapid,100,100.9687,106.2404,0.469743,0.540247,0.436129,0.465827,0.56982,0.779467
2019-06_game_0027453,rapid,89,244.6401,452.1047,0.405272,0.373895,0.355296,0.444051,0.617684,0.702962
2019-05_game_0000382,rapid,22,43.4515,48.4191,0.154196,0.126689,0.028099,0.035729,0.012151,0.342902
2019-02_game_0022903,rapid,32,234.5762,323.0423,0.453733,0.394038,0.138965,0.569617,0.344097,0.741525
2019-02_game_0020712,rapid,89,140.8606,142.4648,0.460802,0.399003,0.335902,0.33646,0.324704,0.228005
2019-01_game_0010588,rapid,54,145.1236,143.1855,0.372582,0.688728,0.148015,0.756473,0.351973,0.790716
2019-04_game_0020983,rapid,54,67.1655,84.3536,0.637032,0.425438,0.291122,0.207159,0.126732,0.636388
2019-06_game_0005043,rapid,75,390.9052,407.8295,0.521992,0.584034,0.830335,0.246298,0.699531,0.586364
2019-03_game_0017280,rapid,100,155.0264,105.4351,0.395074,0.528518,0.246761,0.503164,0.179012,0.198705
2019-06_game_0002591,rapid,66,179.9074,82.1657,0.325691,0.759424,0.166403,0.914661,0.140499,0.383338
2019-03_game_0008787,rapid,39,117.6014,192.9749,0.500536,0.524341,0.216724,0.233227,0.657108,0.44524
2019-04_game_0022705,rapid,100,415.2306,417.0308,0.468483,0.451595,0.358574,0.327089,0.151462,0.439112
2019-02_game_0029186,rapid,95,82.2527,143.2169,0.466213,0.350802,0.264049,0.207557,0.325232,0.23776
2019-01_game_0022042,rapid,100,295.4246,281.1471,0.467188,0.415501,0.527154,0.330524,0.607085,0.696681
2019-06_game_0010677,rapid,64,359.5466,355.631,0.407794,0.864763,0.221007,0.444401,0.57447,0.861204
2019-02_game_0005323,rapid,100,347.7982,360.9667,0.486302,0.56503,0.373021,0.326015,0.723019,0.690905
2023-05_game_0016929,rapid,44,140.9063,146.792,0.243185,0.289012,0.197978,0.215385,0.084873,0.692571
2019-01_game_0008991,rapid,53,204.8335,253.5892,0.479041,0.691222,0.312752,0.259906,0.443097,0.034999
2019-06_game_0011855,rapid,43,361.0808,352.8329,0.190468,0.200827,0.126994,0.12665,0.201079,0.104121
2023-05_game_0008953,rapid,72,370.9693,357.7953,0.848653,0.374535,0.470364,0.277153,0.885509,0.8545
2019-02_game_0028246,rapid,77,368.684,208.7351,0.503709,0.338135,0.322353,0.337203,0.647866,0.572531
2019-05_game_0029765,rapid,54,141.6685,136.0725,0.397237,0.409595,0.227796,0.662841,0.396685,0.760775
2019-04_game_0009973,rapid,100,142.9645,149.7203,0.464271,0.522363,0.32116,0.404877,0.271437,0.512945
2019-03_game_0013899,rapid,56,503.7922,538.6248,0.298315,0.649913,0.173754,0.731923,0.283288,0.74213
2019-02_game_0026788,rapid,21,504.8933,505.5125,0.178585,0.053528,0.097628,0.026283,0.042611,0.020156
2019-03_game_0014772,rapid,54,222.8771,338.8759,0.50215,0.766499,0.319371,0.300753,0.474861,0.774597
2019-03_game_0008171,rapid,44,942.2839,951.2592,0.684022,0.333716,0.129558,0.218357,0.174001,0.668174
2023-05_game_0017007,rapid,34,282.5317,323.6753,0.304576,0.40288,0.091602,0.211722,0.083045,0.766574
2023-05_game_0012117,rapid,48,186.2019,219.101,0.464178,0.51827,0.263984,0.787803,0.016124,0.496451
2023-05_game_0029702,rapid,66,313.6019,317.9148,0.333548,0.752299,0.321965,0.414252,0.342032,0.845373
2019-01_game_0009533,rapid,37,367.1788,449.2992,0.733902,0.299042,0.394229,0.121303,0.659236,0.051384
2019-01_game_0010731,rapid,41,325.6524,343.8369,0.571691,0.414179,0.291437,0.139057,0.843777,0.067784
2019-02_game_0019525,rapid,36,125.1319,55.5268,0.392619,0.388942,0.087807,0.103966,0.127179,0.422406
2019-06_game_0006228,rapid,100,72.3565,91.7969,0.417089,0.597908,0.341733,0.591195,0.264713,0.316211
2019-05_game_0025999,rapid,45,456.8722,470.6758,0.477243,0.539862,0.58052,0.181311,0.61839,0.197259
2019-02_game_0012176,rapid,54,346.1671,301.6071,0.63314,0.447727,0.233509,0.568068,0.150459,0.649766
2023-05_game_0027943,rapid,61,200.1631,92.8952,0.200222,0.346863,0.190108,0.447981,0.789468,0.133381
2019-01_game_0024658,rapid,52,305.2838,321.3222,0.644589,0.407684,0.192884,0.568749,0.266133,0.59515
2019-02_game_0007868,rapid,100,110.8456,115.9815,0.400343,0.4833,0.430074,0.543859,0.445547,0.498023
2019-06_game_0023779,rapid,63,326.6385,288.7133,0.552387,0.35416,0.379346,0.283701,0.73092,0.160378
2019-02_game_0024923,rapid,51,405.1815,344.1027,0.443416,0.360999,0.222729,0.225653,0.729352,0.305097
2019-02_game_0000788,rapid,82,262.2914,741.7516,0.341912,0.576217,0.304652,0.59083,0.419015,0.654222
2019-03_game_0001993,rapid,81,80.419,137.3936,0.709107,0.316841,0.835692,0.190334,0.880695,0.102401
2019-06_game_0023150,rapid,100,348.0731,357.954,0.446872,0.478375,0.337641,0.752474,0.489706,0.503804
2019-01_game_0007275,rapid,62,227.408,347.1215,0.62811,0.485005,0.714902,0.263213,0.154929,0.841627
2019-03_game_0021550,rapid,39,231.0165,232.2715,0.45887,0.292937,0.432324,0.344274,0.644629,0.127068
2019-04_game_0011160,rapid,74,397.0265,46.4658,0.742566,0.355784,0.322741,0.351775,0.380827,0.152737
2023-05_game_0008376,rapid,59,167.0999,157.6626,0.528591,0.476523,0.297062,0.544013,0.588868,0.598026
2019-04_game_0008173,rapid,35,488.2415,292.111,0.469954,0.350466,0.12213,0.124596,0.575674,0.191189
2023-05_game_0025416,rapid,43,182.6296,193.0848,0.509317,0.378919,0.578618,0.141835,0.617417,0.12019
2019-01_game_0024605,rapid,50,141.1246,175.826,0.474599,0.672424,0.125024,0.856342,0.095604,0.696929
2019-02_game_0004088,rapid,34,491.9878,493.6011,0.504058,0.395585,0.097994,0.314824,0.037011,0.782232
2023-05_game_0001622,rapid,36,292.2791,88.6441,0.39395,0.3416,0.114897,0.531043,0.591192,0.514174
2019-06_game_0004175,rapid,60,626.5906,584.1976,0.448471,0.565872,0.278335,0.299195,0.132802,0.822181
2019-02_game_0020349,rapid,30,379.5165,377.6436,0.211915,0.280303,0.062686,0.1279,0.090494,0.617502
2019-05_game_0018048,rapid,95,483.9942,515.0883,0.810673,0.433854,0.456255,0.353531,0.591865,0.387337
2019-01_game_0008282,rapid,55,176.963,166.9126,0.438353,0.495433,0.286587,0.170909,0.660888,0.252581
2019-01_game_0009929,rapid,56,123.6979,661.976,0.382843,0.516675,0.374381,0.559528,0.082263,0.492163
2019-05_game_0023417,rapid,40,175.6946,169.8641,0.380917,0.397995,0.143766,0.483316,0.054917,0.698969
2019-04_game_0011234,rapid,26,424.9855,346.8326,0.489664,0.375871,0.043005,0.080793,0.083152,0.303088
2023-05_game_0026868,rapid,39,379.7918,315.6038,0.601004,0.409803,0.140351,0.146503,0.61935,0.148257
2019-04_game_0020347,rapid,61,271.7068,298.1235,0.640719,0.410864,0.810083,0.21775,0.524757,0.185718
2019-02_game_0014155,rapid,100,190.5229,224.0917,0.413908,0.550834,0.346279,0.723451,0.358562,0.466064
2019-01_game_0007807,rapid,100,96.5849,115.7351,0.38097,0.548891,0.349323,0.415655,0.43171,0.364657
2019-02_game_0013581,rapid,42,451.2788,530.5892,0.654003,0.473561,0.174242,0.785918,0.207416,0.6041
2019-03_game_0016341,rapid,56,238.8848,252.3397,0.392102,0.719881,0.145031,0.86338,0.189545,0.766957
2019-04_game_0028633,rapid,59,129.4537,166.4711,0.373381,0.376744,0.22409,0.142865,0.202757,0.194399
2019-02_game_0000316,rapid,75,201.1659,199.3026,0.754942,0.533728,0.436804,0.293368,0.478649,0.472055
2019-04_game_0003945,rapid,100,670.4644,193.7741,0.460656,0.460875,0.310869,0.353338,0.360996,0.579644
2019-02_game_0027346,rapid,40,198.6979,194.6757,0.462448,0.437646,0.135491,0.474632,0.036759,0.676586
2019-03_game_0005929,rapid,34,676.4035,646.701,0.334901,0.755175,0.465332,0.315079,0.091421,0.420989
2019-05_game_0018537,rapid,100,168.3909,171.7061,0.527603,0.482226,0.406025,0.39871,0.420256,0.679086
2019-01_game_0000652,rapid,62,426.1873,419.3979,0.384884,0.575195,0.287579,0.659513,0.148452,0.693797
2019-06_game_0003154,rapid,26,681.8721,698.8942,0.288406,0.325563,0.048825,0.050772,0.26277,0.717577
2019-01_game_0001200,rapid,100,639.5596,548.472,0.532807,0.383125,0.521412,0.390835,0.746338,0.754642
2019-02_game_0023586,rapid,32,394.1433,364.1196,0.509762,0.516145,0.092192,0.309333,0.132559,0.640517
2019-01_game_0028593,rapid,45,367.5499,342.6376,0.441275,0.580486,0.539412,0.191558,0.640067,0.09082
2019-02_game_0028995,rapid,26,176.0618,162.4008,0.357199,0.387414,0.059487,0.361521,0.234556,0.620021
2019-06_game_0006512,rapid,88,222.8016,254.4335,0.374555,0.57642,0.372736,0.338588,0.192498,0.539146
2019-03_game_0029798,rapid,100,431.4232,411.2612,0.381007,0.582765,0.345396,0.465511,0.294132,0.481943
2019-05_game_0021034,rapid,50,167.9695,169.8076,0.464998,0.584379,0.214003,0.244925,0.267056,0.662601
2023-05_game_0015815,rapid,85,357.5822,495.0551,0.375373,0.652451,0.542574,0.373526,0.481191,0.316219
2019-05_game_0001428,rapid,58,619.2744,1096.5496,0.344742,0.784915,0.148287,0.908148,0.677367,0.866108
2019-06_game_0011834,rapid,47,268.3058,264.4146,0.79934,0.322522,0.328928,0.160754,0.770171,0.245851
2019-01_game_0029902,rapid,82,438.3605,507.0208,0.430995,0.333213,0.39155,0.343444,0.34276,0.537017
2019-02_game_0005754,rapid,61,170.039,238.9479,0.404341,0.482905,0.219201,0.588228,0.825385,0.240517
2019-05_game_0016085,rapid,42,228.3308,201.928,0.364364,0.625144,0.719981,0.234682,0.345032,0.771591
2019-05_game_0013392,rapid,100,435.5119,474.2155,0.454484,0.448188,0.500504,0.442346,0.430073,0.506836
2019-06_game_0015876,rapid,37,212.4291,254.2926,0.462915,0.558693,0.128218,0.233191,0.455819,0.183341
2019-02_game_0024591,rapid,52,259.7675,457.5447,0.391963,0.630588,0.220464,0.416951,0.388902,0.237754
2019-02_game_0000726,rapid,100,83.3482,64.213,0.375572,0.505397,0.408413,0.451235,0.288389,0.535987
2023-05_game_0003157,rapid,74,178.1644,171.6803,0.367654,0.685272,0.280035,0.312709,0.264642,0.688041
2019-04_game_0011143,rapid,90,239.2474,334.6015,0.387085,0.65054,0.260052,0.806634,0.598437,0.621971
2023-05_game_0021480,rapid,76,454.1318,542.2659,0.3839,0.648332,0.263227,0.600681,0.393449,0.685921
2019-06_game_0009248,rapid,20,276.8233,129.6842,0.11178,0.096764,0.038312,0.214232,0.066231,0.672815
2019-03_game_0015205,rapid,43,321.7755,371.4435,0.577767,0.476244,0.555416,0.144527,0.662491,0.174664
2019-03_game_0017469,rapid,51,564.6771,526.0229,0.61394,0.464847,0.956876,0.174744,0.751201,0.13057
2019-06_game_0001482,rapid,28,63.0387,69.3376,0.37513,0.398777,0.073434,0.535635,0.107666,0.682798
2019-01_game_0000696,rapid,97,387.9993,352.8288,0.721681,0.331241,0.521524,0.304487,0.580899,0.546389
2019-01_game_0005451,rapid,58,153.1862,319.3888,0.804404,0.308197,0.377746,0.247299,0.14324,0.669816
2019-03_game_0018875,rapid,100,311.8345,279.2602,0.411441,0.430379,0.439339,0.383399,0.438489,0.406234
2019-04_game_0028702,rapid,49,83.4994,82.9597,0.234513,0.33078,0.176228,0.158227,0.71712,0.279937
2019-06_game_0013036,rapid,26,370.0337,392.7513,0.233913,0.191022,0.068809,0.090964,0.022018,0.231088
2019-05_game_0008579,rapid,100,146.036,246.4548,0.519376,0.370995,0.50675,0.338659,0.443305,0.548328
2019-01_game_0005115,rapid,65,246.5581,203.9651,0.653905,0.602094,0.670974,0.256029,0.423699,0.313038
2019-05_game_0003615,rapid,57,501.035,410.3563,0.733441,0.295537,0.308711,0.22261,0.600377,0.044256
2019-04_game_0010773,rapid,39,175.3347,358.1762,0.539973,0.358528,0.251608,0.155475,0.727779,0.059763
2019-03_game_0006978,rapid,38,36.2111,86.0844,0.212003,0.252093,0.10439,0.120731,0.104338,0.209811
2019-06_game_0002266,rapid,37,434.6853,289.3849,0.490285,0.404015,0.085815,0.128759,0.720286,0.05145
2023-05_game_0029218,rapid,31,480.9011,351.1517,0.680339,0.441162,0.094999,0.083328,0.454124,0.12835
2023-05_game_0008874,rapid,99,460.0926,516.4377,0.432157,0.401355,0.648374,0.389451,0.535687,0.389378
2019-02_game_0024003,rapid,83,163.1158,404.3138,0.465639,0.375287,0.693727,0.310819,0.550201,0.173675
2019-04_game_0016772,rapid,65,245.2295,245.9578,0.644545,0.354189,0.415584,0.371475,0.824234,0.392578
2023-05_game_0015840,rapid,47,121.5685,125.7401,0.784115,0.390034,0.846357,0.167219,0.569355,0.108892
2019-06_game_0001003,rapid,55,179.9201,178.9815,0.293294,0.242808,0.274252,0.293644,0.654183,0.083551
2019-03_game_0015913,rapid,21,481.0851,564.2355,0.179786,0.079144,0.226257,0.031728,0.104643,0.039884
2019-06_game_0020353,rapid,48,91.8585,67.7398,0.242749,0.25876,0.132903,0.205468,0.125809,0.639459
2019-04_game_0029255,rapid,63,368.5061,367.699,0.532276,0.417501,0.555095,0.169017,0.538196,0.147978
2019-06_game_0026000,rapid,38,168.566,146.1132,0.569432,0.395168,0.309626,0.298898,0.096317,0.611634
2019-02_game_0017579,rapid,56,132.5822,147.885,0.252381,0.234537,0.245525,0.325926,0.358328,0.714416
2019-03_game_0026748,rapid,83,481.1769,428.6036,0.611985,0.362341,0.673604,0.205871,0.23976,0.319721
2019-03_game_0013247,rapid,26,130.1764,222.6036,0.316953,0.312194,0.058169,0.055533,0.084579,0.514864
2019-04_game_0021750,rapid,100,139.5725,125.7488,0.441807,0.380082,0.626821,0.529537,0.259222,0.552667
2019-03_game_0008793,rapid,100,438.8564,434.0913,0.408831,0.435871,0.383881,0.421982,0.388781,0.500061
2019-03_game_0001441,rapid,93,292.4176,294.1983,0.352834,0.656772,0.373256,0.287863,0.365392,0.265938
2019-04_game_0002165,rapid,60,345.822,347.3069,0.334372,0.345286,0.194825,0.797282,0.139025,0.612647
2019-06_game_0022057,rapid,50,270.0322,115.0682,0.575098,0.406388,0.2014,0.862841,0.177555,0.649962
2019-06_game_0004629,rapid,72,323.1174,416.7632,0.335868,0.730407,0.220014,0.895838,0.229418,0.840484
2019-01_game_0012786,rapid,30,357.2521,295.1106,0.25876,0.178089,0.07273,0.136168,0.052281,0.308089
2023-05_game_0004675,rapid,39,289.4085,293.9838,0.747448,0.321389,0.471279,0.132038,0.591967,0.052398
2019-06_game_0017180,rapid,99,575.6796,451.9573,0.341709,0.539324,0.381434,0.331509,0.651251,0.358103
2019-04_game_0029116,rapid,57,238.5341,207.1529,0.477739,0.428195,0.409635,0.20675,0.728727,0.204854
2019-06_game_0020919,rapid,100,206.528,245.8044,0.381508,0.580932,0.328202,0.613873,0.328116,0.433486
2019-05_game_0024022,rapid,78,155.7045,133.5983,0.371421,0.723306,0.225098,0.81816,0.152935,0.720937
2019-06_game_0003134,rapid,100,431.3244,433.4995,0.469603,0.547239,0.38332,0.72737,0.512703,0.544432
2019-04_game_0016083,rapid,34,468.2251,467.3999,0.315517,0.661975,0.102463,0.818248,0.12552,0.466676
2019-03_game_0018249,rapid,25,202.5647,206.2737,0.200423,0.223062,0.051367,0.03505,0.180993,0.047371
2019-02_game_0001734,rapid,91,102.3539,187.9542,0.447675,0.414027,0.66078,0.299715,0.325004,0.362435
2019-01_game_0028987,rapid,55,371.274,428.6293,0.77596,0.310429,0.810853,0.171352,0.763881,0.153697
2019-03_game_0017481,rapid,100,229.3169,207.9595,0.528719,0.375718,0.385444,0.484839,0.318373,0.23194
2019-06_game_0004445,rapid,34,123.7882,126.2132,0.417573,0.510646,0.099378,0.558478,0.061491,0.797318
2023-05_game_0024066,rapid,100,582.4139,634.4576,0.419183,0.530848,0.29729,0.568817,0.365941,0.454337
2019-03_game_0022333,rapid,32,199.6936,225.7168,0.34385,0.627954,0.126807,0.134469,0.121445,0.653165
2019-03_game_0004661,rapid,86,136.622,136.2254,0.453821,0.580388,0.292847,0.624085,0.378893,0.324408
2023-05_game_0012319,rapid,100,310.0737,408.1878,0.583023,0.535642,0.901174,0.327168,0.687065,0.606195
2019-06_game_0006278,rapid,100,273.8019,275.5571,0.379784,0.424198,0.639178,0.383758,0.507784,0.459685
2019-06_game_0021275,rapid,52,523.4044,502.8978,0.317839,0.748179,0.184815,0.274652,0.319266,0.613167
2019-02_game_0005259,rapid,61,94.0535,112.799,0.75887,0.329467,0.34065,0.191226,0.710929,0.239301
2019-03_game_0017131,rapid,63,158.9642,135.1947,0.64018,0.347401,0.200229,0.212352,0.475608,0.402692
2019-05_game_0005394,rapid,79,166.121,448.0013,0.622748,0.355289,0.423721,0.274432,0.600537,0.318157
2023-05_game_0028241,rapid,56,243.1384,297.5247,0.423524,0.598495,0.216239,0.346575,0.269348,0.590608
2023-05_game_0021147,rapid,63,117.1807,105.2289,0.30374,0.634856,0.323905,0.154306,0.583929,0.280924
2019-06_game_0021319,rapid,100,165.3201,139.5556,0.391507,0.441706,0.361876,0.410463,0.325042,0.400079
2023-05_game_0026735,rapid,47,309.7759,305.0887,0.340455,0.70075,0.494952,0.248508,0.666309,0.079847
2019-03_game_0001116,rapid,43,452.5567,439.4615,0.6954,0.717066,0.411039,0.132936,0.616591,0.126698
2023-05_game_0017181,rapid,50,212.9374,219.5487,0.36254,0.80507,0.215576,0.268758,0.083119,0.680792
2019-01_game_0011938,rapid,66,281.1669,308.6924,0.385586,0.604084,0.226653,0.656563,0.251802,0.763326
2019-02_game_0002906,rapid,54,104.2522,114.9144,0.515875,0.49726,0.175806,0.784088,0.055206,0.634696
2019-03_game_0022036,rapid,23,771.6556,784.4447,0.259365,0.141861,0.029811,0.021104,0.299785,0.051182
2019-04_game_0020862,rapid,46,240.061,116.7197,0.479787,0.669323,0.144404,0.680984,0.203233,0.207847
2023-05_game_0009324,rapid,35,278.4211,242.6267,0.479959,0.458598,0.605125,0.164275,0.772461,0.152662
2019-01_game_0005402,rapid,58,718.3765,724.6057,0.432635,0.557054,0.197194,0.831953,0.058396,0.716132
2019-06_game_0001476,rapid,100,298.9977,299.0479,0.429012,0.544471,0.428694,0.606503,0.386218,0.721883
2019-05_game_0016665,rapid,65,98.3788,117.9732,0.62533,0.335448,0.899857,0.195416,0.551183,0.034844
2019-05_game_0029296,rapid,89,242.7898,309.5105,0.622006,0.382589,0.717813,0.442268,0.389122,0.252696
2019-06_game_0002933,rapid,88,114.8434,119.5933,0.394207,0.451657,0.261777,0.742036,0.54617,0.719861
2019-01_game_0002926,rapid,34,346.3085,353.175,0.547681,0.369488,0.19579,0.127525,0.106387,0.649603
2019-03_game_0013229,rapid,65,205.3824,105.8054,0.606475,0.376597,0.267052,0.195466,0.594622,0.380329
2019-01_game_0012619,rapid,100,457.5188,425.4799,0.553396,0.421509,0.409381,0.447287,0.604277,0.494226
2019-04_game_0018669,rapid,41,195.0913,238.6138,0.680476,0.297894,0.182453,0.201081,0.678334,0.229717
2019-01_game_0011590,rapid,71,399.1125,491.3491,0.40218,0.595147,0.465301,0.238101,0.633764,0.369887
2019-05_game_0016977,rapid,100,353.3397,378.1165,0.512372,0.56169,0.348513,0.863636,0.253478,0.436558
2023-05_game_0018498,rapid,54,139.7407,185.3186,0.506946,0.369458,0.23006,0.211292,0.075324,0.695746
2019-03_game_0029845,rapid,59,411.2231,379.8346,0.648631,0.3084,0.319156,0.226089,0.495277,0.097726
2019-03_game_0010633,rapid,100,128.1029,155.2782,0.376391,0.524843,0.440964,0.392913,0.235425,0.246007
2019-05_game_0018315,rapid,60,168.5134,92.2892,0.354748,0.611125,0.205185,0.899966,0.143846,0.650212
2023-05_game_0000175,rapid,42,480.8661,408.2177,0.376769,0.680874,0.145179,0.326952,0.041659,0.723541
2019-03_game_0024256,rapid,22,258.1904,279.8038,0.181527,0.201891,0.034512,0.055732,0.061328,0.172455
2023-05_game_0003331,rapid,100,789.7833,664.8284,0.581583,0.457713,0.486605,0.407947,0.573344,0.434991
2019-02_game_0027045,rapid,49,303.1339,229.2141,0.374119,0.364138,0.242248,0.538273,0.713639,0.125115
2019-03_game_0029762,rapid,58,155.9547,174.9609,0.440801,0.669252,0.177456,0.348664,0.24594,0.783303
2019-04_game_0017346,rapid,97,471.6865,431.2155,0.746828,0.36334,0.78218,0.26646,0.707392,0.484617
2019-04_game_0012628,rapid,72,860.8445,869.879,0.385891,0.492179,0.259555,0.772734,0.32465,0.707267
2023-05_game_0028246,rapid,67,241.1878,212.4025,0.714234,0.360661,0.922958,0.218849,0.709708,0.321593
2023-05_game_0025991,rapid,100,171.015,172.7941,0.508289,0.445712,0.309568,0.373392,0.292947,0.328555
2019-05_game_0014705,rapid,74,339.7277,272.6409,0.327821,0.596721,0.31688,0.180137,0.26087,0.434409
2019-05_game_0003930,rapid,47,146.0114,116.4331,0.292977,0.270315,0.228109,0.186099,0.706957,0.068954
2019-01_game_0026455,rapid,49,377.2505,272.6473,0.785098,0.346466,0.167457,0.2472,0.787532,0.471504
2019-05_game_0004787,rapid,93,641.7423,423.8311,0.695749,0.337524,0.778115,0.285372,0.698598,0.582515
2019-03_game_0003473,rapid,47,315.1063,346.9454,0.651895,0.394009,0.610357,0.160357,0.564621,0.164513
2019-03_game_0005179,rapid,25,200.5881,202.4502,0.340245,0.199847,0.07102,0.089727,0.095992,0.021559
2019-02_game_0008086,rapid,44,300.9802,308.7638,0.313533,0.439722,0.210029,0.403289,0.278906,0.754446
2019-05_game_0018367,rapid,54,190.6971,268.0302,0.416986,0.576909,0.221457,0.837423,0.08686,0.589171
2023-05_game_0007020,rapid,73,392.306,218.2459,0.800023,0.430416,0.538603,0.245445,0.833007,0.235353
2019-02_game_0000766,rapid,88,124.1664,119.659,0.340048,0.786346,0.328269,0.511163,0.285836,0.709199
2023-05_game_0017831,rapid,100,391.0992,478.0893,0.510097,0.525591,0.313869,0.534566,0.536648,0.634277
2019-02_game_0010842,rapid,51,28.7111,23.6063,0.390328,0.653589,0.209107,0.115991,0.665847,0.140597
2019-01_game_0001100,rapid,61,298.783,171.0841,0.417356,0.438223,0.171665,0.198555,0.292637,0.224535
2019-06_game_0026030,rapid,65,292.4755,326.1438,0.455573,0.458834,0.288292,0.645105,0.499147,0.430627
2019-02_game_0000978,rapid,93,170.1997,312.0618,0.328536,0.453002,0.359729,0.272618,0.413582,0.350009
2023-05_game_0008690,rapid,100,245.9359,204.5881,0.432489,0.520926,0.272216,0.734296,0.345674,0.575572
2019-02_game_0018080,rapid,30,409.336,401.3787,0.546098,0.532954,0.323707,0.153028,0.069837,0.757656
2019-06_game_0027763,rapid,100,505.0862,476.6811,0.552627,0.417723,0.40892,0.384773,0.356361,0.431495
2019-03_game_0009937,rapid,96,128.501,127.046,0.390912,0.589837,0.415725,0.398925,0.435876,0.492654
2019-03_game_0015108,rapid,56,111.329,159.9624,0.36826,0.392127,0.176016,0.717484,0.437051,0.783881
2019-03_game_0023014,rapid,34,205.5495,200.0014,0.336657,0.429808,0.115045,0.615641,0.028453,0.222572
2019-04_game_0020000,rapid,100,253.047,264.9893,0.423173,0.371337,0.453616,0.365932,0.431972,0.461317
2019-04_game_0026804,rapid,23,355.9168,376.0124,0.13317,0.133564,0.197951,0.041059,0.334771,0.035575
2019-02_game_0019592,rapid,39,265.4106,289.2681,0.662133,0.30135,0.289526,0.158428,0.709807,0.111796
2019-03_game_0016841,rapid,44,223.6652,240.3066,0.433542,0.596921,0.13317,0.189872,0.100792,0.586549
2019-06_game_0024744,rapid,34,143.7678,218.3492,0.385166,0.328046,0.141446,0.571165,0.336889,0.629967
2019-05_game_0016609,rapid,69,338.2707,316.0718,0.515993,0.413907,0.714652,0.265667,0.54286,0.282128
2023-05_game_0003255,rapid,74,255.5135,500.0466,0.376325,0.447824,0.261173,0.668765,0.410963,0.727105
2019-04_game_0009655,rapid,43,181.3949,375.0235,0.391085,0.486117,0.125251,0.12996,0.482894,0.088799
2019-02_game_0001718,rapid,65,295.1941,204.5234,0.568829,0.438135,0.681962,0.19371,0.864857,0.631018
2019-05_game_0000719,rapid,24,503.2496,348.9667,0.152903,0.188676,0.042427,0.054504,0.041188,0.40325
2019-01_game_0005791,rapid,100,158.4801,169.3755,0.592732,0.50683,0.479081,0.338741,0.219289,0.606885
2023-05_game_0019223,rapid,76,290.4564,310.3828,0.64786,0.730881,0.218366,0.523665,0.50982,0.706943
2019-05_game_0029636,rapid,67,136.2545,214.4076,0.503285,0.382508,0.243302,0.275561,0.702537,0.264043
2019-06_game_0021242,rapid,100,479.1546,520.4438,0.485382,0.502003,0.333007,0.320807,0.324545,0.410038
2019-04_game_0005205,rapid,92,297.873,297.7265,0.483746,0.345846,0.305664,0.351001,0.33518,0.436095
2019-06_game_0028630,rapid,66,346.0348,358.2149,0.347409,0.801824,0.226914,0.576635,0.064992,0.826846
2019-05_game_0016060,rapid,20,161.7365,268.7394,0.205515,0.103576,0.053042,0.171161,0.023662,0.191214
2019-02_game_0021550,rapid,44,183.2093,207.3225,0.409924,0.575614,0.173818,0.475395,0.090198,0.514243
2019-02_game_0026278,rapid,41,273.7439,223.5981,0.590737,0.311506,0.565498,0.158168,0.548151,0.551576
2023-05_game_0014596,rapid,35,215.9719,212.4135,0.658614,0.294909,0.381665,0.120941,0.727262,0.07258
2019-05_game_0016757,rapid,74,558.9875,426.6724,0.401385,0.510031,0.356526,0.609536,0.704246,0.650327
2019-02_game_0027596,rapid,65,43.4265,32.0172,0.743251,0.313386,0.908224,0.143135,0.619115,0.070797
2019-05_game_0017425,rapid,100,405.5654,350.9586,0.645128,0.383485,0.588227,0.323305,0.875948,0.811122
2019-06_game_0006440,rapid,45,341.8764,385.5906,0.760257,0.297048,0.31994,0.163028,0.888935,0.17748
2023-05_game_0002411,rapid,82,157.0313,171.7484,0.373705,0.438579,0.346709,0.374221,0.32694,0.437977
2023-05_game_0017970,rapid,57,200.6265,139.8722,0.743446,0.299288,0.299277,0.228452,0.630556,0.208924
2019-04_game_0000567,rapid,48,319.4282,575.8223,0.49633,0.576028,0.177867,0.785178,0.17653,0.833147
2019-06_game_0014394,rapid,79,55.0941,158.007,0.351969,0.4528,0.587797,0.276021,0.333559,0.217673
2019-04_game_0000787,rapid,51,181.8762,176.8566,0.633464,0.40588,0.655133,0.179917,0.780955,0.037318
2019-02_game_0021633,rapid,100,207.9581,210.2743,0.410863,0.396722,0.331727,0.456913,0.436482,0.40875
2023-05_game_0018825,rapid,100,226.0291,201.5102,0.568463,0.380559,0.640996,0.34331,0.49096,0.762206
2023-05_game_0019312,rapid,31,635.8896,126.7751,0.56895,0.287444,0.4211,0.081955,0.316778,0.056076
2023-05_game_0016899,rapid,46,349.5624,424.6515,0.347428,0.823546,0.163237,0.827851,0.427302,0.888256
2019-03_game_0011207,rapid,100,334.3789,333.9435,0.379249,0.592083,0.220858,0.937265,0.459199,0.673059
2019-04_game_0012153,rapid,84,304.5004,306.2294,0.410359,0.628724,0.338534,0.618783,0.36812,0.58448
2019-04_game_0028784,rapid,70,427.4295,454.5632,0.302343,0.808096,0.205246,0.841421,0.475026,0.863739
2019-06_game_0009938,rapid,54,673.1437,733.7269,0.462726,0.639385,0.245869,0.322724,0.418417,0.8593
2023-05_game_0025359,rapid,40,192.9528,668.0495,0.512217,0.558292,0.123104,0.764487,0.079968,0.407963
2019-03_game_0018355,rapid,100,348.6838,334.575,0.528171,0.550066,0.565498,0.393396,0.687704,0.640727
2019-03_game_0011133,rapid,40,323.5167,335.3171,0.463775,0.413318,0.127807,0.419861,0.0867,0.552012
2019-04_game_0014339,rapid,61,593.4423,595.2249,0.365802,0.260992,0.276613,0.221364,0.735135,0.11249
2019-06_game_0025112,rapid,99,91.7773,76.8217,0.566788,0.413133,0.359809,0.290859,0.497034,0.229049
2019-06_game_0006499,rapid,50,265.0376,260.87,0.770466,0.447905,0.186175,0.701254,0.297507,0.540951
2019-01_game_0029904,rapid,61,98.358,118.1693,0.639442,0.379946,0.230126,0.202479,0.599663,0.315842
2019-06_game_0016144,rapid,65,237.0091,240.8539,0.581329,0.485676,0.769557,0.213492,0.787782,0.048218
2019-04_game_0002555,rapid,55,403.1531,309.9372,0.632892,0.394028,0.791149,0.15791,0.751765,0.360471
2019-01_game_0019154,rapid,100,275.1595,267.4417,0.542247,0.596934,0.516746,0.430481,0.370025,0.344023
2019-04_game_0027227,rapid,47,64.7556,70.8197,0.660027,0.346265,0.632296,0.152729,0.597554,0.137005
2019-03_game_0013439,rapid,42,322.9861,567.194,0.520586,0.493587,0.115132,0.147012,0.115606,0.547081
2019-06_game_0026587,rapid,100,316.6942,332.8557,0.538903,0.415925,0.660287,0.331471,0.421878,0.438582
2023-05_game_0003591,rapid,25,321.022,336.3796,0.176283,0.146405,0.060662,0.049072,0.552343,0.045254
2019-01_game_0014937,rapid,49,470.3879,166.1786,0.265285,0.314072,0.204032,0.176789,0.47989,0.620328
2019-01_game_0025635,rapid,66,274.85,267.8622,0.417537,0.406085,0.260778,0.357626,0.249676,0.314057
2019-06_game_0024368,rapid,41,422.6497,367.2913,0.343874,0.360291,0.215924,0.219986,0.76035,0.24965
2023-05_game_0008927,rapid,42,253.4802,128.9002,0.540857,0.325615,0.139936,0.154082,0.033307,0.737624
2019-02_game_0004889,rapid,65,98.6911,242.3562,0.487053,0.405286,0.255575,0.260919,0.713681,0.184737
2023-05_game_0017088,rapid,41,148.5798,374.3053,0.476196,0.499113,0.145081,0.130208,0.645483,0.090694
2019-01_game_0004835,rapid,100,497.1614,572.7793,0.35209,0.578479,0.352908,0.458776,0.139027,0.486124
2019-01_game_0016953,rapid,31,131.0719,139.039,0.184258,0.180661,0.0787,0.06184,0.46076,0.066281
2019-02_game_0025749,rapid,65,591.2684,615.6761,0.816654,0.447839,0.753808,0.193272,0.836553,0.28372
2019-01_game_0015546,rapid,75,498.5986,441.8257,0.464566,0.642932,0.888901,0.258079,0.554665,0.266101
2019-02_game_0016313,rapid,100,224.9137,292.4531,0.449802,0.498106,0.35144,0.409778,0.361067,0.50047
2019-01_game_0028382,rapid,100,290.9888,276.0949,0.451566,0.531145,0.364982,0.609206,0.418725,0.382222
2023-05_game_0014963,rapid,69,197.2566,207.9896,0.426766,0.403987,0.507282,0.228953,0.692162,0.358294
2023-05_game_0027774,rapid,64,449.8589,589.7368,0.385659,0.529002,0.196753,0.252569,0.174769,0.720729
2019-02_game_0014043,rapid,100,692.7687,713.0487,0.529793,0.534717,0.603071,0.309345,0.388363,0.515357
2019-01_game_0017765,rapid,36,835.7798,833.6506,0.196995,0.200073,0.083463,0.181592,0.018643,0.123204
2019-01_game_0024514,classical,41,145.8329,447.9131,0.507437,0.361603,0.844147,0.168267,0.504237,0.233074
2019-06_game_0000767,classical,65,97.4402,97.3519,0.81961,0.476748,0.344605,0.205875,0.828563,0.358712
2019-05_game_0025057,classical,70,338.8927,307.371,0.508189,0.412504,0.270285,0.240087,0.39454,0.779399
2019-05_game_0028148,classical,100,248.4396,263.5383,0.53843,0.630375,0.768181,0.399582,0.237945,0.493854
2019-02_game_0010387,classical,95,550.9402,510.8784,0.686904,0.387701,0.643416,0.327164,0.890499,0.850381
2019-04_game_0015015,classical,100,198.8743,67.3506,0.410343,0.536939,0.457655,0.529675,0.191299,0.495287
2019-04_game_0017693,classical,35,699.6939,692.7925,0.81474,0.458618,0.718007,0.129925,0.707783,0.422453
2019-03_game_0004844,classical,68,240.7475,238.5813,0.711245,0.322131,0.805238,0.38538,0.786386,0.909607
2019-05_game_0027532,classical,95,120.2599,120.7353,0.605196,0.380089,0.505098,0.38786,0.159713,0.372075
2019-06_game_0009240,classical,44,227.0142,269.9496,0.783837,0.486717,0.195004,0.198832,0.505141,0.830997
2019-03_game_0002205,classical,39,330.6565,145.2484,0.493931,0.404574,0.199172,0.123063,0.591519,0.193742
2019-02_game_0022409,classical,24,464.5286,462.3119,0.240076,0.202391,0.043828,0.373529,0.047048,0.169451
2019-06_game_0014691,classical,85,224.3788,187.2429,0.577921,0.358144,0.870683,0.276554,0.84953,0.72761
2019-03_game_0018827,classical,35,568.2043,453.7969,0.597163,0.301804,0.558408,0.101877,0.419859,0.092738
2019-01_game_0020681,classical,89,317.8822,245.0212,0.377996,0.382283,0.318151,0.369139,0.673816,0.087325
2019-05_game_0015267,classical,53,269.6944,280.1931,0.396808,0.319224,0.831641,0.151975,0.599867,0.286348
2019-06_game_0006237,classical,67,291.602,298.1502,0.800182,0.347172,0.8212,0.223655,0.488213,0.207544
2019-04_game_0006140,classical,56,335.8994,399.9154,0.313536,0.724528,0.27178,0.651891,0.235342,0.823718
2019-04_game_0010047,classical,88,172.8024,215.3318,0.515903,0.364821,0.372535,0.271005,0.28034,0.586745
2019-03_game_0026948,classical,71,153.1696,158.0015,0.793941,0.365614,0.452923,0.504629,0.770788,0.403047
2019-06_game_0010415,classical,39,521.2625,507.4317,0.470323,0.490818,0.62233,0.141151,0.746208,0.315961
2019-04_game_0026525,classical,33,203.8696,145.058,0.383483,0.362308,0.214902,0.069344,0.493463,0.045397
2019-02_game_0015779,classical,26,746.5018,711.0598,0.527485,0.557854,0.058865,0.278281,0.165129,0.610495
2019-02_game_0002334,classical,33,80.6987,129.346,0.520587,0.47389,0.652775,0.132614,0.754697,0.029041
2019-05_game_0007416,classical,67,677.0696,665.9568,0.419286,0.571609,0.228777,0.169769,0.689103,0.303575
2019-05_game_0021794,classical,58,344.2838,411.2155,0.538832,0.51429,0.226521,0.34201,0.04032,0.629508
2019-04_game_0019076,classical,100,154.6002,186.6795,0.474328,0.590163,0.39617,0.650671,0.230828,0.713669
2019-01_game_0017847,classical,60,306.0953,339.1614,0.323523,0.78197,0.164139,0.425383,0.255737,0.742863
2019-02_game_0009245,classical,100,503.6543,549.8195,0.393244,0.564184,0.434218,0.480861,0.59074,0.439802
2019-01_game_0000620,classical,100,175.5752,262.3763,0.545739,0.455411,0.269014,0.401367,0.197387,0.354104
2019-02_game_0011185,classical,27,168.1036,234.0827,0.426626,0.41124,0.303264,0.072423,0.374261,0.071615
2019-04_game_0021167,classical,38,398.8777,319.0901,0.353603,0.671433,0.259063,0.259468,0.239019,0.737469
2019-01_game_0008293,classical,53,167.8824,167.076,0.496334,0.437882,0.720256,0.177156,0.885325,0.136125
2019-04_game_0011264,classical,30,877.5048,881.6582,0.295777,0.599132,0.125658,0.235907,0.230031,0.76989
2019-01_game_0018113,classical,33,404.118,392.7133,0.332671,0.285114,0.188478,0.062904,0.458792,0.083243
2019-01_game_0010407,classical,24,156.7995,161.863,0.179927,0.177335,0.031775,0.057296,0.077813,0.186277
2019-02_game_0001078,classical,93,181.5709,181.8837,0.412644,0.558098,0.321552,0.464804,0.541395,0.256156
2019-06_game_0024229,classical,56,49.2289,47.285,0.48322,0.628355,0.248708,0.581053,0.505744,0.719088
2019-03_game_0005263,classical,81,407.8716,408.1153,0.518443,0.504211,0.290083,0.492886,0.480933,0.525564
2019-02_game_0001230,classical,21,217.9966,208.5156,0.233076,0.121209,0.194567,0.034332,0.173718,0.048678
2019-01_game_0022669,classical,100,346.1428,319.7505,0.483195,0.455691,0.504079,0.44575,0.490448,0.70397
2019-06_game_0010187,classical,91,279.7915,249.1136,0.450534,0.431621,0.601216,0.293363,0.563305,0.523149
2019-02_game_0017330,classical,26,539.4862,495.7654,0.321849,0.341249,0.051022,0.357689,0.14185,0.364784
2019-02_game_0012838,classical,100,412.7438,341.0255,0.383128,0.59536,0.341968,0.54797,0.330482,0.469763
2019-02_game_0007405,classical,56,421.4844,385.1431,0.389216,0.639386,0.200141,0.62247,0.359309,0.847554
2019-05_game_0007453,classical,94,251.2909,225.7162,0.404609,0.624142,0.398566,0.422002,0.632222,0.685431
2019-03_game_0022430,classical,88,305.1152,305.4089,0.309705,0.605519,0.202663,0.857409,0.388102,0.439297
2023-05_game_0022791,classical,53,260.2534,212.1128,0.440241,0.62913,0.412798,0.206992,0.551744,0.073215
2019-03_game_0021341,classical,24,398.0378,324.8361,0.247767,0.278145,0.032782,0.034361,0.05884,0.549657
2023-05_game_0004936,classical,75,428.7329,390.9368,0.770414,0.316559,0.822867,0.181743,0.819335,0.415374
2019-04_game_0002803,classical,40,432.8376,419.7957,0.645913,0.627533,0.312698,0.860208,0.071101,0.060737
2019-02_game_0021607,classical,69,540.4551,503.7124,0.377999,0.59309,0.536126,0.209637,0.509787,0.407109
2019-05_game_0006151,classical,59,309.8995,312.1128,0.396098,0.450306,0.256871,0.156934,0.483432,0.180625
2019-02_game_0027987,classical,43,268.7502,272.7805,0.678319,0.365858,0.213475,0.198587,0.78212,0.492782
2019-01_game_0006451,classical,66,241.6095,263.8285,0.720713,0.326585,0.364857,0.390396,0.140537,0.811479
2019-05_game_0003119,classical,41,475.538,84.7838,0.680209,0.370912,0.664298,0.106071,0.79414,0.101357
2019-03_game_0022241,classical,54,110.5453,131.8027,0.342341,0.823757,0.113287,0.925538,0.65492,0.81693
2019-05_game_0019622,classical,66,118.6541,37.4179,0.45228,0.380898,0.276571,0.286037,0.235095,0.483459
2019-04_game_0010909,classical,100,163.5319,173.9089,0.394735,0.618914,0.383661,0.558099,0.486219,0.474283
2019-01_game_0005681,classical,100,217.3683,209.7871,0.39663,0.639446,0.228315,0.935861,0.275846,0.558753
2019-05_game_0009261,classical,35,636.6503,546.301,0.608735,0.56623,0.643984,0.137839,0.56767,0.049387
2019-03_game_0023793,classical,62,217.5779,201.6715,0.550224,0.454103,0.596938,0.179324,0.163147,0.436168
2019-05_game_0004814,classical,64,171.1604,158.5079,0.320459,0.713977,0.208531,0.760379,0.693803,0.644033
2019-05_game_0019785,classical,43,79.5981,323.9756,0.232745,0.203164,0.684395,0.132925,0.405273,0.046252
2019-06_game_0000480,classical,93,241.2058,232.7679,0.545124,0.388403,0.66341,0.32408,0.463052,0.243722
2019-06_game_0007257,classical,73,345.1753,395.7402,0.803361,0.442492,0.724848,0.158302,0.311889,0.244284
2019-02_game_0001212,classical,42,396.3361,458.8812,0.379963,0.653082,0.163465,0.748461,0.52445,0.698688
2019-04_game_0015931,classical,57,91.1389,89.0067,0.649929,0.32315,0.634825,0.170249,0.642232,0.311476
2019-01_game_0026247,classical,100,226.3189,237.2879,0.593179,0.428397,0.578397,0.370652,0.367451,0.623581
2019-04_game_0006081,classical,71,181.7894,121.4672,0.545079,0.318938,0.501776,0.320491,0.269302,0.305893
2019-02_game_0012652,classical,31,336.2838,278.824,0.537212,0.39013,0.222702,0.070076,0.903375,0.234218
2019-01_game_0022339,classical,36,314.7533,412.6929,0.462488,0.470803,0.12338,0.600532,0.591714,0.817683
2019-06_game_0008451,classical,25,545.9143,673.7689,0.245609,0.261086,0.077181,0.095062,0.454622,0.125848
2019-03_game_0028212,classical,58,690.7828,710.5886,0.303178,0.701527,0.208983,0.784013,0.506831,0.760008
2019-06_game_0015889,classical,90,478.9126,443.6999,0.359619,0.430171,0.314748,0.667219,0.836357,0.697059
2019-05_game_0019000,classical,27,137.0928,128.2557,0.472965,0.386617,0.459056,0.069869,0.637456,0.225841
2019-03_game_0015227,classical,58,79.3466,115.1184,0.362247,0.730595,0.328012,0.498861,0.101235,0.638489
2019-05_game_0025013,classical,60,147.9589,177.6251,0.354762,0.682357,0.177221,0.839506,0.070578,0.567664
2019-02_game_0027680,classical,45,269.3825,165.6749,0.521077,0.4978,0.343586,0.128358,0.630771,0.090026
2019-04_game_0009012,classical,46,53.2241,264.5273,0.340151,0.225282,0.217179,0.204119,0.5608,0.927014
2023-05_game_0012056,classical,100,189.2266,186.9527,0.578187,0.478033,0.498144,0.326711,0.519515,0.597423
2019-04_game_0017540,classical,22,226.2341,228.725,0.130221,0.141238,0.044597,0.045533,0.045772,0.104243
2019-02_game_0003375,classical,68,131.7054,133.7586,0.57127,0.411774,0.497359,0.239344,0.128008,0.74079
2019-06_game_0011930,classical,100,63.208,84.6506,0.462609,0.466066,0.355074,0.67147,0.456978,0.441094
2019-01_game_0007156,classical,100,195.1546,158.5521,0.468451,0.493982,0.44623,0.422787,0.186155,0.418594
2019-03_game_0010019,classical,21,675.1325,633.4779,0.160553,0.18035,0.065739,0.073709,0.547318,0.134091
2019-02_game_0027349,classical,35,967.8777,988.3091,0.791016,0.371572,0.510655,0.105716,0.743947,0.408455
2019-01_game_0019191,classical,66,441.1312,721.1564,0.341931,0.770822,0.212952,0.363806,0.822458,0.873153
2019-04_game_0027911,classical,28,491.8205,617.7433,0.306372,0.506452,0.089403,0.485217,0.230145,0.720961
2019-06_game_0028143,classical,100,102.2252,110.7389,0.468424,0.604243,0.317052,0.722292,0.217591,0.50441
2019-04_game_0026246,classical,28,284.3188,332.0126,0.343107,0.388839,0.095064,0.211528,0.167879,0.765523
2019-02_game_0024854,classical,30,563.1548,438.355,0.474011,0.362318,0.105919,0.074337,0.162141,0.52386
2023-05_game_0001471,classical,82,305.5847,423.3079,0.393608,0.709725,0.31827,0.536664,0.712467,0.816471
2019-04_game_0021025,classical,66,131.1994,168.3707,0.412867,0.629248,0.223586,0.864899,0.042184,0.706329
2019-02_game_0026168,classical,93,205.9327,188.0583,0.649771,0.362935,0.464662,0.409853,0.654779,0.359675
2019-02_game_0005908,classical,91,256.299,327.9358,0.834403,0.360262,0.955133,0.303652,0.439949,0.249303
2019-05_game_0010713,classical,85,456.3732,468.8213,0.31859,0.506175,0.473333,0.318432,0.762911,0.616486
2019-06_game_0027385,classical,62,537.1713,493.9112,0.30988,0.637416,0.222723,0.878653,0.655039,0.886836
2019-05_game_0008072,classical,55,527.217,556.5487,0.514009,0.40609,0.883218,0.193174,0.692787,0.250878
2019-05_game_0012753,classical,32,323.033,452.601,0.282513,0.798623,0.09444,0.869457,0.271489,0.807567
2019-04_game_0018004,classical,20,126.2308,131.5311,0.098093,0.095947,0.021936,0.021237,0.089968,0.246385
2019-02_game_0016978,classical,73,411.9456,324.3117,0.622448,0.414734,0.734612,0.307421,0.691088,0.322207
2019-05_game_0007902,classical,27,319.3714,328.5552,0.438983,0.352499,0.233128,0.066379,0.555543,0.162475
2019-05_game_0020998,classical,25,107.8923,92.6804,0.353892,0.287665,0.096713,0.056002,0.643696,0.0843
2019-05_game_0027609,classical,26,419.4779,418.4954,0.382926,0.418123,0.055588,0.191534,0.144176,0.593732
2019-04_game_0000383,classical,94,155.458,523.6578,0.399338,0.603504,0.250872,0.294337,0.337163,0.453631
2019-03_game_0003433,classical,26,369.594,191.7149,0.507985,0.385747,0.099889,0.06976,0.032225,0.144335
2019-04_game_0004078,classical,45,372.9695,351.8003,0.499623,0.447162,0.338657,0.199582,0.722283,0.126793
2023-05_game_0004699,classical,71,322.5523,176.4514,0.481365,0.379955,0.615789,0.270853,0.895484,0.737278
2019-01_game_0012205,classical,95,143.0137,140.9524,0.399392,0.517351,0.58937,0.260136,0.611537,0.405632
2019-02_game_0011723,classical,49,853.4156,246.5507,0.836833,0.358583,0.918708,0.149662,0.766021,0.189872
2019-04_game_0008746,classical,33,230.4685,263.4286,0.543035,0.367825,0.154468,0.125659,0.636938,0.10688
2019-03_game_0007938,classical,55,818.1107,789.5536,0.390841,0.467008,0.477527,0.246501,0.803507,0.744205
2019-05_game_0009072,classical,42,469.9694,511.8406,0.367657,0.479964,0.166926,0.873389,0.260684,0.724874
2019-02_game_0009002,classical,36,387.6471,368.2078,0.417025,0.495823,0.111234,0.653417,0.099189,0.787168
2019-04_game_0008058,classical,22,704.0118,723.8479,0.129983,0.148117,0.02636,0.030156,0.060027,0.260232
2019-03_game_0019536,classical,100,112.2465,113.3684,0.452053,0.415824,0.349806,0.406159,0.331397,0.176252
2019-03_game_0004765,classical,50,657.906,644.4713,0.376102,0.65553,0.176358,0.876327,0.082905,0.765041
2019-06_game_0015074,classical,73,173.9312,249.7965,0.656305,0.395138,0.9393,0.239958,0.660217,0.665349
2019-05_game_0029663,classical,54,615.113,633.8331,0.70663,0.302196,0.363324,0.315128,0.611516,0.784163
2019-05_game_0006080,classical,45,204.2839,170.3105,0.777595,0.364342,0.372302,0.162249,0.79289,0.164471
2023-05_game_0029363,classical,65,379.7735,156.6985,0.564285,0.354617,0.829762,0.18445,0.682964,0.262914
2019-01_game_0009982,classical,68,202.5629,242.7128,0.454972,0.364793,0.257043,0.444619,0.366783,0.619043
2019-05_game_0016301,classical,27,466.5216,464.71,0.402197,0.350751,0.106027,0.057091,0.532107,0.106441
2019-06_game_0013951,classical,50,147.9441,135.6019,0.396542,0.661913,0.187257,0.274764,0.025509,0.61386
2019-01_game_0011053,classical,23,287.2692,383.2434,0.374085,0.260124,0.069759,0.04085,0.527155,0.041991
2019-02_game_0011013,classical,54,332.4332,307.6319,0.508698,0.611624,0.146845,0.736051,0.212344,0.775063
2019-02_game_0018869,classical,47,524.2585,536.0148,0.471408,0.604972,0.672098,0.215758,0.628807,0.371173
2019-06_game_0010576,classical,66,370.3381,338.0433,0.579163,0.356618,0.238783,0.314485,0.324843,0.74051
2019-05_game_0027247,classical,100,565.7723,505.8189,0.453869,0.470232,0.391204,0.423993,0.528114,0.513527
2019-01_game_0000417,classical,44,118.8076,122.4201,0.363251,0.455048,0.174382,0.61315,0.0539,0.145178
2019-06_game_0004500,classical,37,500.7519,318.4461,0.675745,0.482749,0.82756,0.150667,0.60502,0.050521
2019-05_game_0028393,classical,69,152.4581,193.5348,0.606362,0.38643,0.260993,0.268594,0.374789,0.238527
2019-03_game_0017457,classical,82,196.4346,431.5214,0.357155,0.762605,0.331443,0.459143,0.484085,0.804382
2019-02_game_0002461,classical,53,736.5542,745.7447,0.75245,0.389544,0.439608,0.223005,0.857617,0.446155
2019-05_game_0011750,classical,51,390.6522,399.5287,0.572934,0.494334,0.799574,0.14636,0.756092,0.614628
2019-01_game_0029005,classical,65,532.0126,504.1425,0.355212,0.332389,0.475608,0.321141,0.729556,0.781734
2019-04_game_0025541,classical,87,339.8842,282.8899,0.6168,0.436004,0.807862,0.272119,0.769636,0.516178
2019-03_game_0008571,classical,62,789.9305,822.9978,0.321526,0.327753,0.241131,0.567841,0.9465,0.902697
2019-03_game_0007733,classical,51,195.6257,128.415,0.339398,0.63224,0.39618,0.242948,0.720811,0.357815
2019-02_game_0019883,classical,84,389.558,359.7094,0.32626,0.638803,0.258542,0.560947,0.544338,0.752508
2019-04_game_0003904,classical,24,192.9219,240.2608,0.255573,0.277761,0.042489,0.05228,0.048493,0.244169
2019-04_game_0022451,classical,41,150.8558,139.9431,0.679113,0.473143,0.304382,0.110344,0.787492,0.43618
2019-02_game_0006673,classical,97,498.1441,534.2251,0.408573,0.415177,0.254492,0.515722,0.486849,0.22604
2019-05_game_0025260,classical,51,226.6913,197.5383,0.583906,0.406242,0.227605,0.125766,0.584634,0.114729
2019-04_game_0014486,classical,35,368.4662,142.9973,0.646277,0.363468,0.659331,0.110667,0.741253,0.291114
2019-04_game_0011089,classical,23,150.5187,119.923,0.298238,0.227032,0.119863,0.031755,0.110989,0.074152
2019-03_game_0012218,classical,48,190.4796,264.8773,0.322044,0.773061,0.143859,0.740055,0.426486,0.784151
2019-01_game_0001441,classical,87,283.879,197.5412,0.386479,0.756282,0.303532,0.453414,0.338787,0.323053
2019-05_game_0002829,classical,85,123.947,54.8314,0.505683,0.406636,0.442329,0.321371,0.368732,0.151287
2019-01_game_0003889,classical,20,169.0253,196.382,0.050201,0.045162,0.019299,0.018489,0.050974,0.076619
2019-04_game_0022738,classical,32,169.3004,260.4724,0.339117,0.401308,0.077091,0.083925,0.097647,0.497776
2019-02_game_0021537,classical,32,278.4509,185.8215,0.420654,0.423527,0.102663,0.436069,0.068676,0.681033
2019-02_game_0027207,classical,21,133.7107,129.4982,0.145837,0.067021,0.039266,0.030103,0.525903,0.10443
2019-01_game_0023085,classical,56,517.5582,522.9706,0.40135,0.411948,0.424792,0.527458,0.309745,0.699255
2019-06_game_0013015,classical,100,403.7887,453.2953,0.397452,0.456005,0.341903,0.537061,0.56738,0.605035
2019-06_game_0016160,classical,35,263.863,228.6554,0.521934,0.38023,0.46304,0.105815,0.706921,0.06765
2019-05_game_0010953,classical,96,415.1236,396.0608,0.472693,0.458021,0.353569,0.451145,0.474837,0.351994
2019-06_game_0007927,classical,62,364.3239,454.6942,0.395767,0.541335,0.310712,0.083912,0.602601,0.686924
2019-02_game_0000765,classical,44,377.691,416.5957,0.551897,0.412989,0.222951,0.640679,0.065141,0.574614
2019-05_game_0011420,classical,37,216.7951,233.9535,0.466392,0.293794,0.305478,0.137742,0.827034,0.457367
2019-05_game_0009006,classical,50,312.5101,413.9049,0.587897,0.457369,0.171616,0.752918,0.167841,0.310525
2019-02_game_0019369,classical,26,401.2726,295.8203,0.576409,0.474006,0.044181,0.042624,0.033489,0.186776
2019-06_game_0006377,classical,76,522.3312,523.5601,0.345942,0.738817,0.202662,0.928842,0.85612,0.882142
2019-05_game_0016752,classical,65,208.7692,194.846,0.631283,0.393723,0.466694,0.205005,0.878875,0.497391
2019-01_game_0019712,classical,41,392.6487,420.2439,0.560852,0.394094,0.503899,0.16021,0.737917,0.121317
2019-05_game_0026688,classical,70,122.0417,125.3333,0.33792,0.790689,0.23927,0.314882,0.510706,0.488887
2019-05_game_0026345,classical,100,118.6266,116.4582,0.472075,0.46757,0.32813,0.347608,0.298985,0.719501
2019-06_game_0016421,classical,45,126.4067,128.577,0.595534,0.49922,0.204931,0.164318,0.836847,0.774593
2019-04_game_0027718,classical,37,333.8067,334.3553,0.665849,0.457351,0.744429,0.11716,0.877482,0.141142
2019-01_game_0000856,classical,62,216.5258,245.0321,0.361017,0.682528,0.205904,0.875072,0.391142,0.803917
2019-06_game_0009617,classical,84,227.3685,220.8675,0.318592,0.642749,0.25868,0.621167,0.591481,0.814028
2019-02_game_0010444,classical,40,122.4007,80.7158,0.571243,0.476866,0.156597,0.655703,0.494258,0.735207
2019-01_game_0012447,classical,58,283.644,311.9782,0.368019,0.545108,0.128773,0.649696,0.649529,0.772024
2019-06_game_0024084,classical,100,544.0058,570.5971,0.533529,0.487837,0.198217,0.757376,0.071034,0.244488
2019-06_game_0011228,classical,82,514.3936,560.2271,0.370032,0.434639,0.281254,0.700128,0.440956,0.63947
2019-05_game_0024404,classical,21,271.5988,232.1984,0.1724,0.073386,0.176962,0.034431,0.47554,0.064608
2019-02_game_0024874,classical,61,404.0176,332.607,0.571271,0.284667,0.584985,0.201445,0.793173,0.190276
2019-05_game_0013795,classical,100,177.2822,156.6926,0.421659,0.384128,0.562334,0.429884,0.479014,0.425572
2019-02_game_0013909,classical,32,640.0626,617.8873,0.481427,0.4556,0.097258,0.350271,0.172855,0.598424
2019-02_game_0005015,classical,55,205.3145,271.7426,0.803327,0.292123,0.404667,0.272041,0.773692,0.537496
2019-05_game_0012568,classical,76,225.6266,247.641,0.382442,0.539911,0.19307,0.860859,0.432736,0.610028
2019-03_game_0023345,classical,50,316.4752,355.7061,0.702635,0.367308,0.26939,0.642917,0.322742,0.72214
2019-03_game_0011106,classical,37,62.5706,122.2496,0.643012,0.486513,0.13031,0.299937,0.81905,0.463497
2019-02_game_0002450,classical,49,341.9009,331.8582,0.580666,0.295214,0.282362,0.174572,0.723241,0.489067
2019-01_game_0001425,classical,49,459.4828,416.6887,0.270714,0.326427,0.139539,0.242645,0.648893,0.267034
2023-05_game_0009321,classical,44,43.9348,45.534,0.236664,0.289194,0.109606,0.133485,0.080164,0.455351
2019-03_game_0017152,classical,72,750.9868,603.3201,0.473266,0.33572,0.254523,0.483044,0.150956,0.359983
2019-03_game_0016066,classical,100,164.4116,89.4307,0.531587,0.44221,0.316424,0.454669,0.44623,0.489743
2019-01_game_0015513,classical,35,202.5268,206.1533,0.576742,0.280899,0.754635,0.081979,0.758857,0.203504
2019-03_game_0000188,classical,33,528.7151,550.9092,0.594651,0.388892,0.128583,0.118506,0.540883,0.691089
2019-03_game_0001538,classical,72,530.7465,488.048,0.363201,0.809931,0.249608,0.386899,0.509152,0.737989
2019-05_game_0024346,classical,21,425.1536,431.9266,0.186011,0.257465,0.249311,0.058043,0.23235,0.0489
2019-04_game_0001950,classical,58,269.822,190.3558,0.407829,0.377345,0.209311,0.706071,0.232699,0.384508
2019-06_game_0024970,classical,22,692.7884,718.9753,0.185433,0.162806,0.046119,0.095247,0.042021,0.283347
2019-05_game_0024343,classical,24,141.6745,167.2399,0.165299,0.20649,0.158888,0.310243,0.321055,0.423325
2019-06_game_0001677,classical,45,478.1691,443.2029,0.571269,0.402086,0.701824,0.150443,0.804014,0.611255
2019-05_game_0021995,classical,37,109.8434,101.1314,0.335244,0.410865,0.740539,0.141464,0.700554,0.240438
2019-05_game_0018204,classical,100,154.3706,165.5448,0.382803,0.471421,0.329731,0.49012,0.201774,0.312646
2019-04_game_0015016,classical,100,373.5381,253.9125,0.354445,0.496449,0.285534,0.59371,0.383506,0.599246
2019-03_game_0029702,classical,40,237.9642,260.484,0.407705,0.607396,0.157561,0.266507,0.072923,0.490965
2019-05_game_0004776,classical,42,174.5834,552.9727,0.416854,0.743626,0.148198,0.729372,0.308621,0.717048
2019-01_game_0011130,classical,100,180.9839,180.8718,0.46144,0.511027,0.64133,0.34257,0.43463,0.4726
2019-02_game_0007715,classical,100,399.131,385.7162,0.402379,0.401391,0.44528,0.347088,0.585708,0.686432
2019-05_game_0028162,classical,50,199.197,178.8256,0.4152,0.545165,0.170658,0.299728,0.37641,0.716155
2019-04_game_0022105,classical,52,201.0112,340.5278,0.339607,0.62439,0.290503,0.313981,0.313539,0.862808
2019-01_game_0029271,classical,82,126.0805,118.8069,0.382476,0.607719,0.278458,0.736221,0.379186,0.452795
2019-03_game_0010697,classical,40,447.4669,327.522,0.324972,0.286491,0.189264,0.182057,0.241521,0.6485
2019-01_game_0019623,classical,37,197.1104,204.969,0.675743,0.436471,0.109964,0.113983,0.769997,0.232624
2019-03_game_0022538,classical,31,158.72,63.4341,0.383405,0.354876,0.221639,0.166363,0.710549,0.551369
2019-02_game_0001594,classical,54,402.5069,407.4045,0.342101,0.767959,0.155686,0.236919,0.161613,0.585712
2019-05_game_0021908,classical,42,196.6952,214.4772,0.639806,0.385531,0.255656,0.619847,0.472566,0.807213
2019-01_game_0019396,classical,100,265.2664,345.5391,0.503229,0.462567,0.349603,0.597685,0.397072,0.355991
2019-06_game_0008325,classical,24,359.7479,349.0322,0.299043,0.455923,0.055024,0.10631,0.083504,0.187314
2019-06_game_0020424,classical,52,409.9615,571.4325,0.410418,0.697046,0.183787,0.211969,0.327258,0.796277
2019-05_game_0010024,classical,23,81.9145,73.5954,0.146981,0.155759,0.036338,0.027694,0.189192,0.029568
2019-01_game_0026886,classical,100,333.8134,210.2292,0.507298,0.536124,0.322013,0.476744,0.210886,0.223909
2023-05_game_0018420,classical,48,152.5293,168.8413,0.369266,0.270394,0.225109,0.160523,0.14556,0.616703
2019-04_game_0010378,classical,40,243.2631,348.7774,0.295039,0.762041,0.100222,0.876781,0.255332,0.710573
2019-02_game_0016382,classical,64,460.3284,449.0478,0.382025,0.636228,0.207025,0.695465,0.083695,0.658658
2019-04_game_0014237,classical,89,276.8686,318.0856,0.373138,0.728102,0.31946,0.372261,0.661741,0.304396
2019-04_game_0029265,classical,46,648.1767,758.2942,0.542706,0.811376,0.111859,0.384486,0.252321,0.694693
2019-01_game_0001405,classical,45,756.292,722.9071,0.278231,0.541378,0.200477,0.259899,0.818224,0.385986
2019-03_game_0000043,classical,33,322.9724,397.7587,0.33978,0.302413,0.156479,0.100229,0.259057,0.101954
2019-01_game_0003564,classical,93,298.9621,270.8645,0.409778,0.367648,0.643855,0.349272,0.729692,0.322612
2019-01_game_0003997,classical,29,221.8804,215.1693,0.540936,0.359035,0.503645,0.099891,0.725148,0.225372
2019-02_game_0006754,classical,50,270.4288,351.3945,0.771405,0.415787,0.49129,0.256254,0.35282,0.075531
2019-03_game_0003847,classical,100,389.3394,316.1868,0.450465,0.385896,0.378147,0.84031,0.366827,0.532434
2019-02_game_0010640,classical,100,249.7632,294.711,0.535957,0.423014,0.691363,0.304383,0.25628,0.592389
2019-05_game_0007281,classical,55,755.9017,680.3625,0.816415,0.31427,0.549629,0.221038,0.867927,0.476946
2019-05_game_0028002,classical,48,382.4396,304.946,0.480908,0.655718,0.249963,0.299473,0.29216,0.716273
2019-01_game_0003620,classical,35,227.3097,222.2789,0.555135,0.371993,0.454025,0.114807,0.63034,0.070768
2019-03_game_0010306,classical,100,243.4682,240.399,0.421422,0.589574,0.373246,0.845569,0.611288,0.635221
2019-05_game_0006966,classical,58,130.0161,140.8686,0.352825,0.603335,0.192463,0.357659,0.281568,0.643112
2019-06_game_0006898,classical,65,135.1933,136.3531,0.424175,0.628464,0.859693,0.260491,0.479697,0.421809
2019-01_game_0003488,classical,51,242.1623,289.2661,0.612418,0.41111,0.167251,0.169669,0.773445,0.524046
2019-03_game_0027143,classical,56,239.8246,199.576,0.544399,0.408152,0.527193,0.227678,0.088964,0.364863
2019-03_game_0029092,classical,53,555.2681,476.3239,0.38718,0.504847,0.843675,0.242382,0.75083,0.203957
2019-04_game_0017152,classical,70,233.1767,246.8981,0.384114,0.795731,0.23502,0.538769,0.22393,0.634581
2019-01_game_0001358,classical,38,391.4677,341.2263,0.291391,0.593573,0.145219,0.290614,0.413201,0.79608
2019-05_game_0002498,classical,54,447.3453,541.9816,0.404964,0.670235,0.279398,0.545656,0.458555,0.756275
2019-03_game_0010626,classical,100,427.4746,423.5192,0.492025,0.506297,0.371566,0.379339,0.456895,0.540795
2019-04_game_0020809,classical,36,331.3989,313.1346,0.523332,0.368256,0.124105,0.129616,0.329951,0.736784
2019-04_game_0028613,classical,86,626.7203,715.206,0.404662,0.577381,0.293649,0.213928,0.488909,0.646688
2019-02_game_0023171,classical,67,184.9503,171.2974,0.664632,0.319423,0.537242,0.279379,0.857048,0.64002
2019-06_game_0013552,classical,45,395.838,455.7606,0.645633,0.310397,0.496533,0.109391,0.651514,0.403926
2019-02_game_0028754,classical,100,416.8425,467.538,0.589908,0.408524,0.529721,0.328161,0.47272,0.616648
2019-06_game_0027580,classical,100,173.4798,194.9038,0.382093,0.496018,0.340215,0.88393,0.312001,0.384
2019-02_game_0021639,classical,93,243.1445,240.2873,0.454673,0.612856,0.51492,0.51912,0.833373,0.501704
2019-01_game_0001868,classical,34,326.334,299.1914,0.328975,0.209413,0.11719,0.19351,0.010381,0.196997
2019-05_game_0002093,classical,70,240.786,494.5333,0.402254,0.443893,0.225438,0.755394,0.433273,0.494708
2019-01_game_0024210,classical,98,120.0884,173.6819,0.40473,0.631731,0.282678,0.45644,0.603879,0.833884
2019-04_game_0025373,classical,50,255.0681,281.1401,0.432159,0.571028,0.163496,0.17772,0.317506,0.756204
2019-03_game_0007974,classical,24,267.8856,250.7099,0.15828,0.211596,0.059141,0.067486,0.17491,0.317921
2019-04_game_0001667,classical,75,215.972,219.9389,0.791667,0.352294,0.473298,0.328991,0.831199,0.67176
2019-04_game_0023676,classical,73,170.6728,211.9922,0.347957,0.772293,0.228123,0.401359,0.850419,0.457229
2019-01_game_0014316,classical,42,511.3452,537.7468,0.22583,0.233402,0.107663,0.205043,0.08814,0.447773
2019-01_game_0026503,classical,21,481.2624,409.3988,0.153615,0.117803,0.394329,0.035888,0.636695,0.144001
2019-05_game_0005974,classical,54,541.7546,539.9875,0.578734,0.375616,0.369662,0.259048,0.378206,0.756548
2019-06_game_0020419,classical,60,387.9768,366.2469,0.334314,0.628391,0.182088,0.707018,0.583995,0.773552
2019-06_game_0026995,classical,100,196.3929,251.3302,0.425588,0.543809,0.306175,0.503982,0.24674,0.51286
2019-01_game_0017257,classical,29,469.7895,490.745,0.555484,0.29114,0.697676,0.090862,0.750723,0.659724
2019-04_game_0024964,classical,90,86.5125,146.8457,0.361685,0.745254,0.291049,0.58731,0.464279,0.807149
2019-01_game_0019914,classical,49,339.4285,427.8038,0.711659,0.281593,0.848441,0.140254,0.661578,0.423676
2019-01_game_0013048,classical,28,484.7515,526.9848,0.409155,0.378775,0.08627,0.515528,0.304649,0.747554
2019-03_game_0014828,classical,97,205.6734,180.2914,0.417571,0.38106,0.607696,0.266929,0.560194,0.171873
2019-03_game_0016178,classical,94,35.9684,36.0265,0.576792,0.404608,0.495259,0.326703,0.182024,0.650482
2019-05_game_0010792,classical,25,282.4106,282.8682,0.165408,0.11884,0.058022,0.040717,0.284103,0.075253
2019-02_game_0016612,classical,33,185.4404,231.8589,0.654662,0.29113,0.194099,0.149969,0.599202,0.137168
2019-02_game_0001272,classical,26,226.9867,242.3897,0.173396,0.242942,0.063995,0.079513,0.099587,0.386997
2019-05_game_0028954,classical,35,337.8582,351.645,0.431698,0.436133,0.126384,0.068758,0.478014,0.228962
2019-05_game_0027549,classical,42,400.5546,393.3533,0.345859,0.721717,0.189164,0.443285,0.640862,0.906176
2019-03_game_0007768,classical,24,277.1798,197.0489,0.166641,0.154096,0.030909,0.032039,0.053113,0.06966
2019-06_game_0011820,classical,98,231.5046,425.512,0.413733,0.55867,0.428822,0.587384,0.462353,0.587159
2019-05_game_0023678,classical,51,704.0174,679.6608,0.694287,0.303474,0.427435,0.199265,0.588888,0.012261
2019-01_game_0004583,classical,96,426.9597,310.0245,0.383123,0.642547,0.319844,0.732237,0.329033,0.645045
2019-01_game_0029466,classical,28,314.33,349.4888,0.35529,0.241688,0.170458,0.117108,0.32649,0.639003
2019-02_game_0006336,classical,41,212.8512,169.748,0.387579,0.431728,0.448676,0.109267,0.553075,0.259431
2019-05_game_0023072,classical,100,352.7191,481.0685,0.426162,0.453516,0.431368,0.510462,0.908368,0.874618
2023-05_game_0027602,classical,74,93.4839,43.8798,0.39624,0.514102,0.226597,0.213341,0.421385,0.711227
2019-05_game_0002454,classical,70,579.2781,566.9738,0.423364,0.747879,0.250193,0.673976,0.335089,0.619679
2019-01_game_0025545,classical,50,712.7424,733.5534,0.253324,0.662528,0.184961,0.726133,0.732906,0.797709
2019-05_game_0015623,classical,95,382.4803,371.3525,0.695419,0.5002,0.41802,0.394302,0.860503,0.535741
2019-03_game_0016309,classical,68,510.7751,511.4217,0.732997,0.344929,0.246141,0.306962,0.364611,0.689397
2019-01_game_0011783,classical,37,164.7071,177.3843,0.265157,0.269124,0.096082,0.121079,0.676427,0.220765
2019-05_game_0004066,classical,100,487.7056,339.0152,0.55174,0.38475,0.608045,0.369697,0.226275,0.564514
2019-04_game_0008294,classical,100,64.7642,102.7733,0.510789,0.450163,0.451296,0.249513,0.290292,0.112919
2019-06_game_0003170,classical,70,205.4899,186.8734,0.383698,0.633204,0.327277,0.301624,0.174112,0.653278
2019-03_game_0023350,classical,57,700.6127,642.7979,0.634225,0.435016,0.271797,0.182238,0.879813,0.185762
2019-05_game_0010635,classical,34,658.6385,660.6876,0.295996,0.334108,0.077674,0.226249,0.091432,0.545641
2019-02_game_0001677,classical,45,150.9864,144.9735,0.40065,0.585485,0.126664,0.135983,0.462216,0.178559
2019-04_game_0021101,classical,100,109.6724,191.9879,0.450199,0.43401,0.395373,0.383903,0.32159,0.45146
2019-02_game_0009095,classical,60,71.6174,81.3422,0.650607,0.386298,0.20031,0.215484,0.384071,0.830964
2019-03_game_0023552,classical,100,57.1808,52.6833,0.48194,0.473009,0.371314,0.310174,0.18006,0.353682
2019-04_game_0012598,classical,21,538.0865,439.4781,0.146776,0.100735,0.028309,0.021535,0.158732,0.043574
2019-04_game_0028120,classical,39,37.7274,31.7431,0.169822,0.14432,0.098465,0.067256,0.239269,0.009512
2019-01_game_0021469,classical,52,121.7233,139.7174,0.238713,0.215548,0.141822,0.256772,0.058026,0.644158
2019-03_game_0024599,classical,26,665.4932,371.033,0.361544,0.400445,0.043033,0.118233,0.175768,0.482208
2019-04_game_0023683,classical,34,122.2081,124.9003,0.179765,0.263187,0.105205,0.153695,0.527965,0.703018
2019-06_game_0009998,classical,47,332.9789,340.0127,0.469601,0.528466,0.519789,0.187248,0.874429,0.526851
2019-03_game_0027807,classical,100,251.7302,253.7632,0.391495,0.522104,0.339038,0.606222,0.737399,0.827884
2019-04_game_0025306,classical,51,664.1578,656.1295,0.584895,0.332783,0.762688,0.2176,0.888764,0.545695
2019-02_game_0017541,classical,51,102.6769,79.0127,0.692851,0.426787,0.443522,0.303759,0.431657,0.265584
2019-01_game_0007937,classical,100,413.9302,402.4336,0.437393,0.379413,0.626325,0.342088,0.568371,0.433647
2019-03_game_0000441,classical,55,246.4212,257.9432,0.634917,0.41603,0.697391,0.236216,0.721874,0.712317
2019-04_game_0020226,classical,60,293.4019,281.234,0.385189,0.731047,0.186319,0.374455,0.031522,0.498342
2019-05_game_0024196,classical,25,696.3423,472.4949,0.300759,0.187392,0.071663,0.054708,0.395214,0.072986
2019-03_game_0005268,classical,88,353.6276,369.8015,0.369841,0.545428,0.260771,0.459138,0.432448,0.733817
2019-01_game_0024949,classical,27,690.9235,660.698,0.264607,0.255364,0.104787,0.051495,0.737186,0.15026
2019-05_game_0005534,classical,61,519.6031,502.7969,0.766215,0.301706,0.872362,0.16515,0.732033,0.110397
2019-06_game_0014813,classical,34,263.0773,450.8371,0.326715,0.411695,0.144394,0.174837,0.157972,0.551974
2019-05_game_0026232,classical,23,568.6686,576.6306,0.498258,0.23425,0.113166,0.03937,0.197102,0.097878
2019-03_game_0000641,classical,34,300.849,176.6692,0.400137,0.503185,0.096607,0.204642,0.101804,0.327067
2019-02_game_0018165,classical,30,353.209,339.2936,0.378792,0.520123,0.157292,0.119012,0.187623,0.600847
2019-01_game_0017857,classical,93,334.2138,363.6075,0.553776,0.407201,0.909996,0.267389,0.391554,0.098798
2019-05_game_0009601,classical,63,187.1919,174.7197,0.400287,0.368823,0.631751,0.166236,0.547097,0.080049
2019-05_game_0006981,classical,43,415.9028,419.5148,0.483027,0.230288,0.306223,0.106583,0.821958,0.543044
2019-06_game_0013027,classical,100,140.9572,138.046,0.414829,0.503438,0.417616,0.639897,0.180872,0.517604
2019-03_game_0017044,classical,96,207.7145,403.8985,0.36304,0.633268,0.301431,0.5837,0.156386,0.253967
2019-03_game_0011535,classical,29,288.6813,291.1848,0.539315,0.375785,0.659754,0.108438,0.3126,0.1145
2019-03_game_0024342,classical,51,167.2746,193.3283,0.491317,0.496088,0.5193,0.203854,0.69728,0.471684
2019-02_game_0023889,classical,28,188.6059,188.9985,0.350118,0.59012,0.098281,0.784306,0.054989,0.098061
2019-02_game_0015108,classical,65,41.5804,114.334,0.496808,0.418074,0.760168,0.212306,0.707237,0.049035
2019-02_game_0018391,classical,91,77.3498,84.1653,0.618827,0.373324,0.90881,0.264041,0.276712,0.147089
2019-02_game_0002537,classical,43,528.2679,653.349,0.478181,0.62055,0.784191,0.148705,0.808829,0.528492
2019-05_game_0022109,classical,54,231.858,205.9869,0.400318,0.621016,0.265542,0.418172,0.337306,0.629734
2019-05_game_0013176,classical,88,113.9595,108.1658,0.426564,0.615381,0.406618,0.439736,0.454426,0.561219
2019-02_game_0007622,classical,37,628.4073,145.8769,0.572934,0.418398,0.44573,0.093671,0.795581,0.22214
2019-01_game_0001473,classical,49,169.5186,167.6925,0.394547,0.57614,0.157477,0.270796,0.832946,0.595915
2019-03_game_0007132,classical,100,248.2702,289.5582,0.519702,0.449807,0.347895,0.427927,0.478733,0.341484
2019-03_game_0010398,classical,56,101.7919,46.2045,0.524766,0.720794,0.178715,0.754061,0.057783,0.578966
2019-03_game_0020134,classical,100,35.314,111.7575,0.643687,0.447358,0.438777,0.436086,0.196446,0.649418
2019-02_game_0009356,classical,57,151.0089,54.34,0.566979,0.390213,0.160107,0.156658,0.735912,0.189892
2019-03_game_0003476,classical,55,724.0278,643.3479,0.682512,0.284006,0.895316,0.153475,0.780309,0.530015
2019-01_game_0007411,classical,77,211.3281,189.773,0.7768,0.309096,0.383764,0.287465,0.57543,0.677516
2019-03_game_0025912,classical,26,277.2096,266.4793,0.330291,0.337366,0.100105,0.134272,0.057713,0.462791
2019-04_game_0000017,classical,46,504.45,421.8856,0.414052,0.578229,0.18751,0.93124,0.425128,0.72826
2019-02_game_0003139,classical,77,205.4196,194.5411,0.600337,0.461113,0.195905,0.592806,0.466878,0.287041
2019-04_game_0007131,classical,20,400.1304,462.2946,0.089827,0.101319,0.032664,0.142073,0.047851,0.099912
2019-03_game_0009848,classical,100,206.6526,222.4835,0.543536,0.500977,0.643194,0.33812,0.244418,0.556002
2019-02_game_0029382,classical,100,281.4965,328.8076,0.472393,0.368789,0.478703,0.328159,0.336761,0.432706
2019-01_game_0006492,classical,38,262.4856,259.7956,0.520066,0.55002,0.180293,0.162842,0.310556,0.152042
2019-05_game_0013212,classical,24,435.5918,496.9859,0.320544,0.437822,0.039694,0.198607,0.054438,0.238069
2019-06_game_0014874,classical,61,240.6197,222.9366,0.602079,0.660539,0.838585,0.18543,0.813877,0.641492
2019-04_game_0011044,classical,26,304.974,371.3694,0.410616,0.418696,0.047216,0.213172,0.132596,0.269127
2019-03_game_0028657,classical,65,196.9283,204.5686,0.701661,0.34336,0.440276,0.226363,0.809126,0.383013
2019-01_game_0019610,classical,47,189.8372,189.7439,0.495573,0.684925,0.167208,0.213729,0.641325,0.169169
2019-04_game_0004429,classical,34,249.1771,255.595,0.261287,0.217552,0.074501,0.075766,0.417553,0.681975
2019-05_game_0027517,classical,37,264.9643,167.912,0.642103,0.384756,0.324472,0.100306,0.658498,0.299348
2019-02_game_0008490,classical,63,137.3785,143.067,0.776707,0.286924,0.23238,0.216059,0.805709,0.226685
2019-02_game_0003539,classical,72,148.8591,129.3095,0.36395,0.703385,0.221961,0.400415,0.282305,0.670921
2019-02_game_0008926,classical,54,344.1282,329.7106,0.356184,0.515191,0.193064,0.158143,0.119396,0.527998
2019-01_game_0002260,classical,28,200.5827,264.6588,0.151659,0.124068,0.054636,0.055319,0.078308,0.113516
2019-05_game_0019835,classical,49,388.7941,435.4493,0.415746,0.531559,0.290504,0.185895,0.779791,0.372725
2019-05_game_0017909,classical,29,291.6552,263.1364,0.435955,0.336312,0.498005,0.049221,0.474406,0.136508
2019-02_game_0028980,classical,68,467.7089,444.0471,0.468795,0.735564,0.194025,0.937409,0.830592,0.885464
2019-03_game_0019307,classical,37,555.9416,595.4998,0.358551,0.416903,0.282092,0.175367,0.694743,0.577838
2019-01_game_0019830,classical,66,469.0265,482.185,0.392185,0.433535,0.213077,0.248488,0.310244,0.652721
2019-04_game_0004192,classical,92,431.1153,543.0605,0.316475,0.497166,0.257063,0.781576,0.469133,0.65167
2019-01_game_0029773,classical,100,202.7402,188.0201,0.461741,0.540139,0.460219,0.409417,0.275629,0.480891
2019-04_game_0022589,classical,63,465.9721,424.4229,0.680336,0.361892,0.847866,0.230813,0.802066,0.478833
2019-05_game_0009174,classical,65,120.939,134.0177,0.516457,0.338627,0.164967,0.243784,0.580975,0.121813
2019-05_game_0023168,classical,83,239.7514,185.4186,0.705713,0.41397,0.811098,0.272307,0.619072,0.345632
2019-04_game_0015641,classical,100,229.7295,252.3969,0.518498,0.349505,0.506369,0.347731,0.320959,0.482683
2019-06_game_0012296,classical,46,272.6201,277.4647,0.321606,0.763143,0.127088,0.867873,0.32993,0.829772
2019-05_game_0010848,classical,81,325.0352,371.3522,0.726535,0.392058,0.882623,0.244096,0.598009,0.244952
2019-01_game_0020100,classical,43,42.2687,42.2528,0.524093,0.421639,0.577623,0.126515,0.700352,0.087535
2019-03_game_0009948,classical,46,57.4009,219.6187,0.362864,0.546532,0.135567,0.215828,0.058745,0.438725
2019-03_game_0008115,classical,73,169.6297,206.338,0.638305,0.440742,0.920082,0.188765,0.596751,0.104842
2019-06_game_0018151,classical,57,171.1004,161.8234,0.603398,0.359959,0.687297,0.19063,0.693557,0.234815
2019-01_game_0005727,classical,78,274.1896,308.0897,0.660747,0.450581,0.270059,0.34007,0.474105,0.564222
2019-06_game_0015886,classical,64,379.3216,250.9811,0.481949,0.443609,0.243248,0.763852,0.422848,0.609023
2019-02_game_0018323,classical,61,346.4307,322.3794,0.493135,0.583904,0.642334,0.274258,0.799472,0.22968
2019-04_game_0003085,classical,50,92.0522,112.4601,0.392004,0.626315,0.137818,0.636887,0.161775,0.40706
2023-05_game_0023599,classical,29,510.1172,508.108,0.383235,0.351354,0.609307,0.069888,0.391797,0.088355
2019-02_game_0029918,classical,41,384.393,383.2867,0.412516,0.260726,0.534156,0.153006,0.948758,0.782864
2019-01_game_0024341,classical,58,43.2736,236.2078,0.398606,0.38273,0.176956,0.817021,0.338805,0.712773
2019-04_game_0002760,classical,64,511.8242,505.0023,0.375177,0.690384,0.204031,0.861732,0.679263,0.848077
2019-05_game_0019465,classical,56,682.2689,557.0225,0.570277,0.523132,0.154321,0.801232,0.484208,0.814634
2019-05_game_0014141,classical,100,286.5639,176.5177,0.506954,0.474913,0.795176,0.279364,0.054794,0.407905
2019-01_game_0006090,classical,77,157.2698,147.3181,0.531151,0.64225,0.314225,0.325538,0.625558,0.700304
2019-06_game_0006143,classical,64,203.3542,187.3625,0.326625,0.740746,0.286507,0.461635,0.312509,0.858949
2019-03_game_0015945,classical,32,749.2402,752.6915,0.30063,0.684821,0.095019,0.716357,0.405482,0.631509
2019-01_game_0003688,classical,26,230.8144,237.8495,0.316648,0.325322,0.092545,0.224358,0.041784,0.226604
2019-03_game_0010381,classical,73,139.8973,141.1522,0.341565,0.663176,0.258928,0.515882,0.719761,0.186537
2019-03_game_0017059,classical,100,169.5847,170.0559,0.43079,0.433437,0.579477,0.308542,0.228915,0.517877
2019-05_game_0018766,classical,87,230.8267,284.0146,0.379554,0.530804,0.428037,0.385709,0.824181,0.791339
2019-02_game_0001729,classical,29,814.5767,769.6257,0.575868,0.483965,0.387371,0.067356,0.643516,0.197257
2019-04_game_0010488,classical,56,450.0475,611.7843,0.44246,0.583414,0.168326,0.675777,0.076147,0.246765
2019-03_game_0006696,classical,56,172.7975,184.1001,0.518804,0.758893,0.289105,0.661326,0.084306,0.671864
2019-06_game_0019016,classical,45,252.2722,255.3145,0.53642,0.425408,0.585655,0.146047,0.854272,0.72686
2019-04_game_0010906,classical,100,133.9611,128.6867,0.437433,0.393023,0.393156,0.364795,0.340133,0.572057
2019-01_game_0008975,classical,31,264.594,303.3051,0.683004,0.365042,0.682768,0.12563,0.811861,0.202557
2019-01_game_0005227,classical,100,167.1863,138.1948,0.560234,0.467482,0.458065,0.385474,0.448039,0.705826
2019-06_game_0022769,classical,47,178.6465,155.8171,0.449092,0.641982,0.54597,0.178473,0.767535,0.366028
2019-05_game_0025778,classical,20,277.2033,326.7118,0.076487,0.099202,0.038916,0.110804,0.074092,0.495064
2019-04_game_0004639,classical,73,213.4464,229.2221,0.60306,0.375148,0.743168,0.243418,0.80688,0.398226
2019-04_game_0001604,classical,24,546.3439,611.4648,0.317264,0.403539,0.073506,0.215986,0.090057,0.250027
2019-04_game_0024310,classical,72,339.765,207.472,0.363084,0.718404,0.183738,0.496116,0.165138,0.202413
2019-01_game_0009050,classical,100,236.9765,200.0436,0.536879,0.410528,0.514238,0.419871,0.502598,0.679721
2019-03_game_0002802,classical,60,722.2495,704.2082,0.350204,0.742426,0.169749,0.75794,0.27039,0.64137
2019-06_game_0007592,classical,61,276.9597,360.6875,0.754301,0.34938,0.812918,0.244181,0.826247,0.177541
2019-06_game_0026570,classical,61,219.5799,209.7888,0.715514,0.347009,0.861648,0.186945,0.592181,0.173067
2019-03_game_0009999,classical,39,456.9448,437.4442,0.535885,0.497055,0.78363,0.177429,0.713768,0.341666
2019-06_game_0024390,classical,49,330.381,355.9441,0.753182,0.300391,0.310392,0.186684,0.832072,0.666086
2019-06_game_0005867,classical,87,182.2921,145.9527,0.742185,0.343584,0.906958,0.226853,0.607306,0.216676
2019-06_game_0029099,classical,98,104.0551,33.9619,0.420282,0.601658,0.349329,0.602319,0.574226,0.620197
2019-02_game_0008779,classical,54,240.6181,316.46,0.433717,0.684088,0.188013,0.640454,0.705211,0.849848
2019-01_game_0019844,classical,68,71.3436,225.6791,0.312413,0.297826,0.32991,0.446181,0.562977,0.77156
2019-03_game_0007264,classical,56,77.4015,26.0157,0.358401,0.673153,0.142459,0.832478,0.405848,0.623957
2019-05_game_0028088,classical,63,337.7468,373.1256,0.702931,0.334233,0.775625,0.187562,0.601675,0.377175
2019-05_game_0023749,classical,51,195.745,211.753,0.297653,0.438467,0.288829,0.106003,0.63177,0.600693
2019-04_game_0011231,classical,52,697.6962,691.6815,0.325664,0.846779,0.168463,0.833597,0.258817,0.726594
2019-02_game_0008255,classical,51,591.7151,644.5811,0.456627,0.401182,0.216023,0.219556,0.748254,0.206031
2019-06_game_0013370,classical,45,232.6402,120.6669,0.394274,0.337302,0.864988,0.194544,0.562531,0.044347
2019-05_game_0020187,classical,98,311.4136,354.6961,0.348912,0.391313,0.353432,0.495663,0.227421,0.373362
2019-06_game_0007544,classical,30,54.6725,125.634,0.349646,0.558148,0.20558,0.894758,0.294782,0.496261
2019-03_game_0000797,classical,46,45.153,117.6706,0.275917,0.312836,0.175757,0.132322,0.042573,0.681935
2019-01_game_0017325,classical,63,211.4757,240.8652,0.465983,0.580816,0.655478,0.281763,0.800045,0.246066
2019-02_game_0000537,classical,57,198.1013,191.3916,0.405029,0.598532,0.265183,0.252196,0.766119,0.443794
2019-01_game_0024829,classical,100,463.3701,516.1474,0.512037,0.507197,0.287414,0.874138,0.366282,0.78888
2019-02_game_0020489,classical,77,362.5759,292.8414,0.579452,0.386447,0.365592,0.239964,0.565163,0.300653
2019-02_game_0026570,classical,67,143.3561,140.6266,0.563431,0.361093,0.774706,0.200094,0.688028,0.17905
2019-04_game_0028157,classical,75,228.3726,226.6686,0.40227,0.375383,0.372898,0.356786,0.644235,0.684789
2019-03_game_0020894,classical,56,372.5533,333.1697,0.74949,0.442215,0.194357,0.293469,0.605494,0.807382
2019-04_game_0028221,classical,31,294.4391,310.0581,0.444539,0.494755,0.131792,0.106284,0.441732,0.260588
2019-02_game_0023378,classical,21,104.6081,104.996,0.185055,0.080502,0.087862,0.072542,0.513659,0.049123
2019-04_game_0016802,classical,53,216.8847,218.814,0.665889,0.331126,0.235319,0.245491,0.451671,0.220067
2019-02_game_0017090,classical,64,49.3927,54.5661,0.385076,0.632694,0.191551,0.869627,0.460699,0.848526
2019-01_game_0027574,classical,46,474.1725,531.7062,0.320521,0.705156,0.108776,0.828639,0.334824,0.646249
2019-04_game_0018280,classical,80,226.609,219.1272,0.483279,0.53526,0.274653,0.540196,0.608967,0.625619
2019-01_game_0007276,classical,49,211.9265,301.697,0.369217,0.623105,0.286894,0.199359,0.668378,0.408932
2019-06_game_0025387,classical,60,121.6821,123.7555,0.486645,0.544562,0.391248,0.56849,0.40779,0.727689
2019-02_game_0007067,classical,100,80.4197,58.2271,0.399982,0.489447,0.325646,0.290484,0.089793,0.556146
2019-06_game_0029670,classical,100,203.2833,212.1437,0.477856,0.504156,0.391489,0.483493,0.730876,0.609681
2019-06_game_0006417,classical,32,229.2197,216.839,0.168039,0.26692,0.14234,0.113685,0.078537,0.592856
2019-01_game_0018936,classical,55,360.5574,372.1873,0.469585,0.389553,0.187476,0.235901,0.718277,0.412083
2019-06_game_0016105,classical,50,426.5657,431.9499,0.429264,0.643695,0.297564,0.366283,0.022917,0.564175
2019-03_game_0008770,classical,98,289.3355,356.9923,0.404361,0.765985,0.329714,0.904314,0.463957,0.344107
2023-05_game_0016563,classical,56,91.3966,82.4287,0.335238,0.698085,0.136794,0.893935,0.252727,0.770244
2019-05_game_0027687,classical,64,172.9842,196.7383,0.584573,0.425049,0.330958,0.414896,0.136577,0.754333
2019-06_game_0029684,classical,31,295.1835,237.1434,0.508448,0.456741,0.477822,0.097101,0.556946,0.102543
2019-04_game_0016516,classical,52,143.6899,144.2754,0.421283,0.614832,0.155039,0.836551,0.118037,0.510737
2019-03_game_0006307,classical,52,228.6423,187.7578,0.403258,0.534524,0.193302,0.221728,0.454409,0.865666
2019-03_game_0022689,classical,62,218.2817,217.1936,0.556703,0.428243,0.385181,0.25464,0.460456,0.697742
2019-03_game_0024759,classical,43,619.1429,618.7048,0.561708,0.666575,0.545281,0.182089,0.739361,0.389354
2019-01_game_0027807,classical,69,179.1468,70.7508,0.772351,0.534633,0.568481,0.259756,0.848976,0.233675
2019-06_game_0025879,classical,100,335.683,349.3307,0.598009,0.459855,0.65109,0.320148,0.4398,0.428304
2019-05_game_0002416,classical,100,129.372,170.032,0.499615,0.395457,0.607995,0.302472,0.22246,0.214531
2019-01_game_0000026,classical,47,392.7521,406.2703,0.435676,0.50318,0.743863,0.197197,0.810345,0.177032
2019-01_game_0019625,classical,36,486.8224,387.8109,0.651506,0.367595,0.176251,0.184341,0.144163,0.596243
2019-03_game_0008080,classical,64,234.0445,165.1835,0.371555,0.622123,0.305547,0.262392,0.273644,0.623608
2019-02_game_0016990,classical,46,190.0818,174.9617,0.470749,0.509767,0.132169,0.21302,0.18921,0.542208
2019-05_game_0002733,classical,36,179.0729,182.0697,0.480311,0.421726,0.120499,0.280119,0.035149,0.188123
2019-01_game_0023843,classical,33,409.3179,350.4659,0.376402,0.616406,0.179606,0.151654,0.745067,0.229148
2019-03_game_0016928,classical,100,226.5824,229.0583,0.420682,0.47964,0.436274,0.438069,0.522664,0.835081
2019-05_game_0002670,classical,57,151.7309,154.1005,0.785531,0.315007,0.815596,0.162384,0.76815,0.096198
2019-06_game_0024655,classical,79,303.5104,332.6163,0.748396,0.389354,0.716006,0.237496,0.585909,0.325584
2019-01_game_0021361,classical,92,160.2483,228.5476,0.437949,0.609353,0.30157,0.62482,0.43528,0.660815
2023-05_game_0006803,classical,41,313.644,304.3825,0.609851,0.311375,0.560544,0.075933,0.652175,0.080694
2019-01_game_0008739,classical,53,592.4587,423.2147,0.337341,0.601492,0.725604,0.184269,0.37495,0.188635
2023-05_game_0024886,classical,29,378.0271,254.9598,0.364799,0.269942,0.084781,0.083418,0.469273,0.153573
2019-03_game_0000316,classical,89,258.0871,323.5642,0.3787,0.397846,0.314603,0.253011,0.540595,0.396885
2019-06_game_0018668,classical,69,343.3413,333.8795,0.610488,0.501059,0.477001,0.307391,0.534858,0.069238
2019-01_game_0001206,classical,63,412.362,412.8709,0.252854,0.236852,0.279964,0.227024,0.426614,0.071639
2019-01_game_0001525,classical,44,628.4154,623.9607,0.35363,0.768628,0.138746,0.899015,0.535952,0.79213
2019-02_game_0013860,classical,36,367.6344,394.1763,0.39132,0.46272,0.212653,0.142275,0.216272,0.564209
2019-01_game_0009689,classical,47,441.9145,454.4555,0.592516,0.460194,0.816199,0.175877,0.805367,0.410181
2019-06_game_0000328,classical,30,145.7193,164.3988,0.17088,0.270294,0.056117,0.06548,0.08053,0.321817
2019-06_game_0023443,classical,67,89.6833,156.9366,0.315309,0.734222,0.399526,0.234673,0.762931,0.182682
2019-02_game_0014210,classical,40,766.6529,802.3115,0.386774,0.804274,0.156576,0.818531,0.217584,0.748363
2019-03_game_0005780,classical,60,129.2292,139.9295,0.396375,0.642574,0.31837,0.487006,0.521262,0.743977
2019-03_game_0007491,classical,52,117.0303,171.9142,0.375144,0.615088,0.197487,0.264794,0.286334,0.663645
2019-04_game_0017188,classical,49,378.9117,316.4334,0.704655,0.370919,0.91921,0.148443,0.718435,0.739726
2019-03_game_0020339,classical,40,502.3022,493.8469,0.26917,0.557389,0.531918,0.304218,0.079925,0.225115
2019-04_game_0001571,classical,62,109.8044,182.2149,0.383109,0.680029,0.197742,0.301138,0.127205,0.62148
2019-01_game_0028232,classical,26,287.3296,297.6166,0.389396,0.426122,0.069475,0.669498,0.101628,0.579385
2019-02_game_0002483,classical,98,595.673,642.0686,0.411355,0.413885,0.249614,0.917137,0.556242,0.571381
2019-05_game_0014455,classical,100,272.7921,272.0557,0.489756,0.457426,0.290344,0.441428,0.317078,0.639946
2019-02_game_0019888,classical,83,455.9219,459.9427,0.617862,0.353421,0.705308,0.229175,0.764285,0.606663
2019-03_game_0007750,classical,78,221.8841,201.938,0.382828,0.739111,0.255292,0.359579,0.661715,0.842031
2019-05_game_0011518,classical,70,107.8905,157.9851,0.386038,0.715667,0.203911,0.876837,0.318613,0.83965
2019-02_game_0004319,classical,22,610.2339,884.2465,0.165049,0.132734,0.036059,0.046347,0.043326,0.157908
2019-05_game_0013667,classical,30,347.0594,380.6169,0.426954,0.282738,0.135643,0.100342,0.138828,0.568852
2019-03_game_0026201,classical,52,536.4473,588.2509,0.34269,0.738294,0.162281,0.875147,0.451499,0.903108
2019-02_game_0008097,classical,100,135.9491,160.2337,0.397268,0.397884,0.412545,0.586824,0.399849,0.47635
2019-02_game_0014765,classical,49,220.9463,236.6793,0.331595,0.634151,0.185314,0.317046,0.789732,0.361506
2019-02_game_0017920,classical,100,412.6005,434.4588,0.541491,0.476248,0.450816,0.488062,0.474688,0.644699
2019-03_game_0002582,classical,48,403.2137,361.7134,0.582533,0.431057,0.345707,0.169555,0.296057,0.710818
2019-06_game_0022474,classical,46,221.9582,139.2361,0.411175,0.59769,0.202589,0.478953,0.41779,0.643028
2019-01_game_0018407,classical,42,438.8103,533.0268,0.311585,0.485952,0.121265,0.580892,0.565075,0.801116
2019-03_game_0023742,classical,31,413.8282,395.5132,0.529332,0.399626,0.330348,0.114857,0.794327,0.082711
2019-06_game_0022486,classical,59,397.1213,388.3186,0.809121,0.387348,0.565508,0.232754,0.843183,0.445897
2019-05_game_0016775,classical,61,32.0976,70.6586,0.447189,0.577118,0.453377,0.33522,0.735202,0.148402
2019-06_game_0002207,classical,71,360.4655,262.6307,0.40516,0.326711,0.862296,0.202197,0.690204,0.523102
2019-05_game_0025565,classical,63,218.8621,299.6959,0.52574,0.44161,0.249212,0.638216,0.568438,0.609581
2019-04_game_0007674,classical,100,542.7478,527.1274,0.515588,0.438736,0.556371,0.341963,0.553001,0.773196
2019-05_game_0017083,classical,33,114.4677,62.1688,0.465988,0.389333,0.224307,0.087757,0.640118,0.169631
2019-03_game_0014962,classical,60,183.2608,186.8525,0.50166,0.60437,0.191096,0.490845,0.428822,0.767139
2019-05_game_0020536,classical,46,192.5711,348.7751,0.406639,0.762662,0.110126,0.823625,0.642771,0.845735
2019-01_game_0010483,classical,100,80.1454,71.1867,0.454494,0.451431,0.410355,0.371047,0.448355,0.126767
2019-04_game_0016944,classical,23,663.3741,597.1192,0.361046,0.229565,0.130546,0.043468,0.704141,0.064746
2019-06_game_0026202,classical,46,512.6372,582.8097,0.482914,0.635021,0.139708,0.202225,0.012623,0.140656
2019-03_game_0019480,classical,100,550.1573,571.3536,0.487187,0.507861,0.313868,0.806147,0.268538,0.474522
2019-01_game_0008508,classical,35,402.2927,330.651,0.46223,0.302456,0.604284,0.128202,0.700404,0.114704
2019-05_game_0019730,classical,32,262.3729,345.7001,0.362316,0.67566,0.104376,0.188738,0.065678,0.78401
2019-02_game_0009897,classical,43,385.8008,230.6937,0.798526,0.320275,0.239347,0.10286,0.715434,0.343261
2019-06_game_0011379,classical,63,417.3879,201.8419,0.517597,0.515502,0.822032,0.231012,0.707764,0.316279
2019-03_game_0014942,classical,45,214.1365,214.9399,0.492726,0.406357,0.172275,0.145909,0.702574,0.308082
2019-03_game_0006837,classical,21,594.9919,578.4146,0.178163,0.101696,0.155696,0.027657,0.590847,0.084477
2019-05_game_0001607,classical,93,162.2957,176.8814,0.349625,0.633817,0.390923,0.360339,0.686839,0.383244
2019-02_game_0011176,classical,61,816.8314,780.5998,0.750051,0.476846,0.714824,0.191087,0.750166,0.690312
2019-05_game_0028480,classical,22,189.6138,194.9026,0.420744,0.239811,0.053482,0.269361,0.252111,0.674623
2019-05_game_0014098,classical,32,230.4558,285.3641,0.234214,0.217679,0.114571,0.106671,0.173623,0.689369
2019-04_game_0013386,classical,100,353.0732,363.4046,0.461644,0.380393,0.636923,0.371861,0.131799,0.294931
2019-04_game_0005393,classical,63,405.0138,367.8649,0.496048,0.337236,0.85138,0.161656,0.260933,0.126115
2019-03_game_0020757,classical,100,234.0417,126.7026,0.46335,0.594721,0.357386,0.581088,0.302713,0.539339
2019-04_game_0009413,classical,34,337.4363,248.0891,0.718674,0.283765,0.328072,0.62783,0.376803,0.70006
2019-04_game_0022372,classical,76,135.6811,267.4885,0.403149,0.682194,0.211822,0.873259,0.218556,0.656683
2019-01_game_0008868,classical,48,302.6712,369.2626,0.380724,0.418126,0.111033,0.123961,0.083237,0.209461
2019-02_game_0028857,classical,74,257.3128,258.3365,0.420035,0.297783,0.311978,0.529847,0.604906,0.926472
2019-02_game_0021834,classical,58,488.9828,386.0868,0.399336,0.664056,0.195854,0.310225,0.547946,0.902801
2019-02_game_0013114,classical,39,672.9213,824.162,0.726736,0.282776,0.723896,0.169198,0.687668,0.365697
2019-01_game_0024057,classical,90,200.2518,209.709,0.386823,0.682945,0.292433,0.498597,0.116224,0.409557
2019-06_game_0027080,classical,41,243.5795,224.0116,0.430147,0.615926,0.591876,0.185762,0.739151,0.112397
2019-01_game_0003709,classical,100,139.6178,216.557,0.443422,0.449067,0.483379,0.273986,0.283393,0.74297
2019-06_game_0014496,classical,33,207.2804,212.5454,0.554841,0.382896,0.337295,0.055445,0.720361,0.254791
2019-04_game_0001951,classical,25,319.1668,387.1826,0.407801,0.267096,0.215318,0.048354,0.281888,0.034349
2019-04_game_0017361,classical,85,626.036,303.9138,0.68886,0.376538,0.916474,0.241706,0.825345,0.363059
2019-03_game_0027586,classical,27,836.0439,669.0756,0.577203,0.258592,0.174462,0.085108,0.720573,0.159473
2019-05_game_0005800,classical,100,405.0085,323.8587,0.464736,0.516787,0.392955,0.440226,0.432982,0.536453
2019-02_game_0022091,classical,100,614.1864,611.504,0.388582,0.491533,0.344664,0.421308,0.38481,0.771059
2019-03_game_0028020,classical,67,193.1935,173.6282,0.736311,0.396014,0.50911,0.296355,0.752915,0.50138
2019-02_game_0008651,classical,79,119.0902,137.7692,0.374615,0.619353,0.288465,0.417319,0.583278,0.29745
2019-05_game_0011571,classical,61,277.3285,260.1577,0.655076,0.532159,0.229907,0.322522,0.786222,0.683808
2019-04_game_0026163,classical,81,154.9063,168.2694,0.368054,0.499267,0.341766,0.596057,0.871341,0.570843
2019-04_game_0024839,classical,100,124.0014,129.5572,0.472105,0.465502,0.403692,0.320814,0.120094,0.233747
2019-01_game_0023463,classical,44,36.8282,47.9166,0.64069,0.525332,0.184164,0.144196,0.365336,0.857068
2019-04_game_0029339,classical,66,551.3834,522.9637,0.325899,0.748034,0.239923,0.881182,0.234771,0.73762
2019-02_game_0019744,classical,100,242.2542,356.7909,0.589437,0.410062,0.612875,0.327813,0.443929,0.524646
2019-01_game_0019107,classical,49,445.254,622.0359,0.759052,0.309886,0.678072,0.25949,0.869574,0.594521
2019-03_game_0006224,classical,29,519.3215,523.4826,0.429369,0.407662,0.34743,0.070285,0.056242,0.027826
2019-05_game_0024870,classical,54,124.3124,120.7336,0.343433,0.823888,0.147775,0.892627,0.276549,0.761982
2019-03_game_0002247,classical,34,173.4115,187.3823,0.380141,0.428436,0.08656,0.079527,0.518784,0.680985
2019-05_game_0013643,classical,54,430.2817,352.3196,0.305963,0.469934,0.278519,0.585487,0.565981,0.749307
2019-05_game_0016544,classical,86,189.6686,188.0732,0.712678,0.339062,0.352618,0.291149,0.10699,0.187559
2019-06_game_0007109,classical,100,130.6453,119.3502,0.435181,0.633927,0.529469,0.313887,0.443056,0.426093
2019-03_game_0003047,classical,39,619.1537,418.8419,0.564778,0.454753,0.149776,0.140425,0.750832,0.045197
2019-06_game_0000868,classical,76,132.3686,211.2533,0.416501,0.401438,0.234803,0.28525,0.352826,0.598245
2019-02_game_0021397,classical,90,372.8352,348.5963,0.400624,0.708862,0.314794,0.519975,0.574974,0.640525
2019-02_game_0001513,classical,30,296.9035,299.0194,0.2786,0.376804,0.110519,0.791018,0.678489,0.775044
2019-03_game_0006810,classical,59,399.8769,409.1172,0.496166,0.645324,0.649722,0.218983,0.542632,0.397394
2019-06_game_0002374,classical,100,45.1562,45.2376,0.472305,0.592457,0.449609,0.389885,0.372778,0.653585
2019-04_game_0010918,classical,67,799.0934,764.6777,0.6306,0.381928,0.734485,0.227683,0.636194,0.286916
2019-04_game_0002710,classical,38,236.72,279.7485,0.411127,0.537867,0.112926,0.616602,0.190753,0.602467
2019-03_game_0004042,classical,48,197.1039,235.9978,0.351461,0.259991,0.193287,0.205344,0.13198,0.389987
2019-06_game_0027244,classical,29,830.4507,546.5636,0.515402,0.57865,0.51681,0.07639,0.5832,0.14853
2019-02_game_0023636,classical,93,503.6599,514.666,0.420044,0.390476,0.655263,0.26107,0.574974,0.466852
2019-03_game_0020745,classical,40,532.5712,564.1862,0.393401,0.621917,0.127172,0.817968,0.185322,0.771694
2019-02_game_0023413,classical,73,154.6434,135.9441,0.618457,0.339178,0.53739,0.282984,0.737537,0.504302
2019-04_game_0021782,classical,89,181.2216,107.9516,0.819052,0.393859,0.774574,0.28072,0.558074,0.191911
2019-04_game_0017184,classical,65,177.725,183.3708,0.404777,0.571858,0.203517,0.178351,0.788316,0.12136
2019-01_game_0018683,classical,54,780.7819,768.5032,0.363677,0.64241,0.204222,0.384021,0.311074,0.625628
2019-02_game_0015812,classical,29,259.6812,243.2595,0.620476,0.390855,0.208776,0.263948,0.601615,0.229144
2023-05_game_0011923,classical,82,135.1816,200.2299,0.388482,0.443042,0.278538,0.779971,0.329846,0.42442
2019-01_game_0011728,classical,46,226.1115,210.7188,0.493878,0.395187,0.212186,0.280382,0.579409,0.843542
2019-01_game_0018024,classical,47,117.0274,113.9163,0.445586,0.429026,0.208249,0.161035,0.674413,0.039669
2019-06_game_0010405,classical,80,91.6578,126.9505,0.483925,0.804617,0.204557,0.931962,0.203989,0.611302
2019-05_game_0011850,classical,100,248.5497,300.5438,0.371992,0.532593,0.353045,0.371378,0.352914,0.636694
2019-05_game_0025059,classical,44,950.8929,917.124,0.60975,0.634759,0.188517,0.21047,0.58383,0.722234
2019-03_game_0016113,classical,40,451.6504,527.0391,0.337322,0.759965,0.110778,0.386272,0.250992,0.615393
2019-06_game_0012948,classical,60,521.9929,430.475,0.245471,0.274218,0.187943,0.319412,0.097743,0.524026
2019-02_game_0000150,classical,97,159.6882,154.7139,0.396191,0.370084,0.399306,0.449275,0.284376,0.187356
2019-04_game_0025740,classical,100,129.3989,104.5694,0.444736,0.593108,0.233176,0.817187,0.328553,0.583771
2019-05_game_0006734,classical,47,491.0558,402.7866,0.71593,0.377158,0.686883,0.177201,0.621433,0.213938
2019-05_game_0026832,classical,65,153.0168,172.5653,0.750854,0.379356,0.248445,0.197774,0.665974,0.622123
2019-01_game_0023723,classical,62,164.2397,202.8043,0.304999,0.486491,0.352097,0.185459,0.58475,0.677251
2019-06_game_0022569,classical,79,70.0135,67.9823,0.394823,0.390694,0.246263,0.329237,0.690091,0.354052
2019-03_game_0002881,classical,56,263.6366,313.2732,0.352313,0.799687,0.204001,0.390948,0.492095,0.843235
2019-05_game_0009660,classical,42,363.6997,229.0572,0.405253,0.765619,0.112933,0.352114,0.475395,0.835011
2019-06_game_0023416,classical,42,111.5628,86.4975,0.373096,0.594595,0.165319,0.169411,0.922344,0.920729
2023-05_game_0006243,classical,100,145.5088,125.4441,0.363119,0.556611,0.438488,0.387979,0.249973,0.464236
2019-01_game_0008228,classical,53,259.4598,195.823,0.562705,0.589085,0.629508,0.236171,0.717735,0.155804
2019-03_game_0023871,classical,76,170.041,108.5147,0.66303,0.468412,0.31655,0.330927,0.551802,0.669393
2019-05_game_0020157,classical,40,583.5428,593.7901,0.304291,0.744938,0.127354,0.788457,0.469435,0.890161
2019-04_game_0017882,classical,62,402.9225,393.8148,0.323497,0.802359,0.291028,0.346978,0.929782,0.886221
2019-01_game_0006457,classical,45,245.5378,187.525,0.600137,0.481385,0.242299,0.160117,0.825947,0.509743
2019-03_game_0028921,classical,99,244.0626,203.2983,0.573096,0.421443,0.596832,0.283806,0.494404,0.108571
2019-01_game_0025209,classical,49,614.1033,622.8749,0.550446,0.420611,0.252253,0.196548,0.718447,0.355824
2019-01_game_0008152,classical,57,283.5503,469.0344,0.301153,0.70748,0.256666,0.375431,0.545337,0.406457
2019-03_game_0023272,classical,37,221.1702,217.5093,0.500669,0.285289,0.447968,0.121116,0.700396,0.114079
2019-06_game_0028279,classical,81,124.5093,119.4709,0.516076,0.379424,0.393542,0.335967,0.759874,0.602782
2019-03_game_0011862,classical,45,339.2208,291.1424,0.311414,0.596545,0.213588,0.285989,0.747964,0.231182
2019-05_game_0011278,classical,51,44.168,24.6444,0.228898,0.378635,0.154331,0.244092,0.537023,0.069176
2019-02_game_0002787,classical,100,242.0811,254.6467,0.457937,0.536412,0.319526,0.836864,0.190326,0.34182
2019-05_game_0029537,classical,59,215.2122,218.1274,0.797355,0.391905,0.935524,0.166711,0.831672,0.547521
2019-03_game_0019304,classical,40,579.3795,541.3547,0.734514,0.322918,0.222426,0.56342,0.108171,0.805254
2019-02_game_0019856,classical,50,362.1535,403.5035,0.373263,0.794412,0.145048,0.353252,0.613051,0.77938
2019-01_game_0021688,classical,32,503.7173,512.5743,0.188266,0.191526,0.068384,0.078725,0.085585,0.420942
2019-06_game_0012719,classical,37,171.8541,203.7784,0.531101,0.452417,0.198199,0.114783,0.779366,0.141198
2019-06_game_0000405,classical,100,235.4454,266.9217,0.498961,0.441594,0.408597,0.350534,0.498936,0.484084
2019-04_game_0023782,classical,57,275.2685,338.0627,0.665834,0.354724,0.428381,0.16224,0.838162,0.666238
2019-02_game_0023144,classical,21,501.2125,560.657,0.244374,0.081939,0.034924,0.025503,0.328186,0.124505
2019-01_game_0026402,classical,74,563.2212,558.751,0.33085,0.734577,0.174403,0.907739,0.369622,0.551852
2019-03_game_0003861,classical,100,183.8253,185.5512,0.427267,0.524391,0.225822,0.946978,0.440051,0.298887
2019-02_game_0027256,classical,100,175.4946,155.3465,0.412984,0.406738,0.327444,0.326816,0.31678,0.734784
2019-03_game_0013402,classical,36,180.0202,186.6004,0.199275,0.301092,0.102428,0.160636,0.312996,0.627834
2019-05_game_0025783,classical,100,176.1988,454.7155,0.451227,0.386077,0.418555,0.468892,0.141101,0.745545
2019-06_game_0016693,classical,43,260.7914,192.8777,0.721287,0.552485,0.85179,0.132796,0.790928,0.360427
2019-05_game_0002966,classical,62,243.4648,219.8328,0.32172,0.768771,0.176562,0.704591,0.613366,0.640089
2019-01_game_0002473,classical,25,586.5928,704.0545,0.442935,0.28409,0.440368,0.053301,0.169659,0.05333
2019-06_game_0023467,classical,77,100.453,140.4308,0.332101,0.629452,0.304763,0.393147,0.681409,0.22882
2019-01_game_0020176,classical,100,163.4037,132.6143,0.394376,0.516554,0.410323,0.342644,0.405595,0.27004
2019-04_game_0001441,classical,69,272.3019,224.4053,0.650738,0.39066,0.836895,0.213148,0.853932,0.906152
2019-02_game_0009400,classical,41,767.3882,636.6321,0.631534,0.303203,0.315678,0.147298,0.728156,0.349589
2019-06_game_0026850,ultrabullet,84,520.4268,317.1564,0.760425,0.652326,0.292666,0.515651,0.477289,0.609636
2019-03_game_0001182,ultrabullet,42,271.5653,260.3897,0.412888,0.524334,0.283745,0.209488,0.303869,0.396715
2019-05_game_0000328,ultrabullet,61,395.2043,178.734,0.759111,0.5063,0.333926,0.202157,0.78569,0.413603
2019-02_game_0003909,ultrabullet,53,251.913,113.64,0.854786,0.314857,0.5283,0.250526,0.774798,0.426306
2019-02_game_0003102,ultrabullet,26,532.61,544.3287,0.430912,0.463839,0.06238,0.154996,0.092902,0.07128
2019-06_game_0028644,ultrabullet,35,348.9205,506.1582,0.668933,0.385006,0.882028,0.14144,0.840068,0.508871
2019-01_game_0003638,ultrabullet,60,126.5356,177.7925,0.368882,0.680556,0.340392,0.823717,0.514373,0.707257
2019-06_game_0015054,ultrabullet,66,177.5603,144.4797,0.373447,0.859457,0.195743,0.892716,0.71869,0.877795
2019-02_game_0007988,ultrabullet,51,151.0732,197.1963,0.726079,0.610861,0.169189,0.207693,0.725632,0.423646
2019-02_game_0021908,ultrabullet,60,293.446,127.6892,0.76929,0.509254,0.313206,0.241634,0.277523,0.863946
2019-02_game_0023315,ultrabullet,62,398.217,328.2505,0.75433,0.450697,0.309784,0.24907,0.631014,0.574719
2019-06_game_0028093,ultrabullet,57,139.0918,246.2783,0.55815,0.365465,0.482206,0.286401,0.650738,0.522191
2019-06_game_0001507,ultrabullet,36,747.2045,327.2631,0.412529,0.594446,0.228601,0.23903,0.483663,0.872307
2019-03_game_0001392,ultrabullet,54,235.2428,538.9146,0.331615,0.66064,0.293707,0.1513,0.588761,0.693327
2019-04_game_0024139,ultrabullet,35,469.4227,419.5164,0.655556,0.326828,0.683612,0.145619,0.938756,0.144543
2019-04_game_0022955,ultrabullet,39,384.6211,602.4793,0.471686,0.537612,0.218431,0.248914,0.373847,0.145979
2023-05_game_0018286,ultrabullet,67,337.6478,365.6011,0.828945,0.814728,0.314945,0.290552,0.772657,0.551002
2023-05_game_0017086,ultrabullet,61,391.5459,344.7921,0.637379,0.632724,0.350777,0.336138,0.501939,0.251241
2019-02_game_0026318,ultrabullet,68,166.0466,163.5749,0.38959,0.761232,0.236172,0.443839,0.497982,0.665498
2019-05_game_0002505,ultrabullet,61,645.9978,217.285,0.79947,0.39786,0.462244,0.358921,0.745649,0.415011
2019-03_game_0024749,ultrabullet,54,572.2281,526.0073,0.827571,0.413608,0.289617,0.233795,0.326472,0.484777
2019-05_game_0009275,ultrabullet,50,714.8889,614.0892,0.56739,0.49181,0.274417,0.561205,0.333292,0.341147
2019-03_game_0013949,ultrabullet,42,385.7604,343.6754,0.241562,0.603902,0.226813,0.297702,0.3728,0.5401
2019-02_game_0009608,ultrabullet,27,370.5472,776.5857,0.416005,0.246937,0.348746,0.106322,0.209763,0.169082
2019-01_game_0022378,ultrabullet,54,615.6931,545.8062,0.815782,0.397352,0.247777,0.269268,0.16102,0.253279
2019-05_game_0012144,ultrabullet,46,270.721,345.1676,0.415658,0.742235,0.214897,0.867455,0.389388,0.408331
2019-01_game_0001602,ultrabullet,20,685.6536,680.6639,0.064497,0.256543,0.088036,0.287809,0.087327,0.193407
2019-06_game_0011835,ultrabullet,40,243.9857,290.9026,0.317463,0.772229,0.359415,0.320721,0.307325,0.259314
2023-05_game_0013978,ultrabullet,74,192.7695,102.9326,0.471717,0.719482,0.292464,0.823868,0.64037,0.604417
2019-03_game_0022756,ultrabullet,41,327.8036,329.3999,0.607846,0.654095,0.455287,0.221271,0.846081,0.430974
2023-05_game_0024534,ultrabullet,56,174.8755,174.6153,0.744736,0.44051,0.397843,0.336159,0.236244,0.372755
2019-03_game_0015570,ultrabullet,55,181.0403,197.6806,0.430879,0.661049,0.389423,0.341001,0.74664,0.417793
2019-05_game_0020530,ultrabullet,52,318.311,297.3227,0.595081,0.301272,0.258597,0.310602,0.530831,0.554416
2019-04_game_0002069,ultrabullet,59,467.5027,750.4935,0.537839,0.320799,0.46306,0.409581,0.574822,0.417285
2019-05_game_0022073,ultrabullet,59,186.7901,213.1605,0.782983,0.39206,0.450269,0.593544,0.421942,0.335442
2019-04_game_0019893,ultrabullet,34,300.7471,143.1754,0.165859,0.289208,0.125822,0.128144,0.054544,0.082446
2019-02_game_0024395,ultrabullet,86,189.6101,183.0627,0.444193,0.740936,0.325754,0.285967,0.380346,0.692117
2019-03_game_0005736,ultrabullet,93,153.7103,189.3807,0.686291,0.438655,0.876902,0.236299,0.806812,0.601666
2019-04_game_0020781,ultrabullet,29,448.7018,370.3148,0.603665,0.290304,0.736987,0.09238,0.487178,0.470537
2019-02_game_0016615,ultrabullet,43,313.7433,287.6646,0.608236,0.273339,0.483133,0.208668,0.500585,0.553167
2019-01_game_0008826,ultrabullet,46,430.9301,271.2387,0.349747,0.791392,0.301597,0.184344,0.405419,0.323491
2019-02_game_0003169,ultrabullet,25,409.1819,619.6517,0.340971,0.392684,0.709497,0.096066,0.031968,0.033682
2019-01_game_0022877,ultrabullet,35,305.5649,361.2204,0.694129,0.585141,0.543914,0.17525,0.881956,0.171384
2019-06_game_0020717,ultrabullet,33,319.2702,274.1378,0.570858,0.462685,0.760833,0.119536,0.526457,0.676506
2019-05_game_0011187,ultrabullet,80,246.147,221.6202,0.444349,0.819155,0.245248,0.4097,0.426657,0.542422
2019-03_game_0009530,ultrabullet,75,198.2693,147.5234,0.703004,0.381307,0.933137,0.314161,0.787994,0.599867
2019-05_game_0023720,ultrabullet,46,222.3327,311.4163,0.52095,0.794437,0.458531,0.187302,0.207224,0.27649
2019-04_game_0020875,ultrabullet,100,168.477,323.2906,0.5601,0.668638,0.325773,0.521459,0.610311,0.679132
2019-02_game_0024256,ultrabullet,37,205.2484,217.7683,0.620886,0.442842,0.273843,0.167395,0.388211,0.308167
2019-04_game_0003249,ultrabullet,46,311.2415,382.4385,0.752454,0.408813,0.159025,0.933955,0.210991,0.237959
2019-04_game_0003762,ultrabullet,50,170.006,284.2951,0.563989,0.383783,0.165872,0.44682,0.342005,0.762257
2019-05_game_0005779,ultrabullet,63,301.974,213.9378,0.738873,0.359366,0.559715,0.275174,0.871959,0.351596
2019-03_game_0021863,ultrabullet,53,156.1249,156.7392,0.765641,0.329418,0.929735,0.191575,0.740643,0.190506
2019-01_game_0004416,ultrabullet,65,448.2908,464.4243,0.709713,0.540189,0.604645,0.338955,0.854518,0.613391
2019-01_game_0023672,ultrabullet,29,445.42,708.1505,0.470411,0.337576,0.153105,0.144101,0.198842,0.172662
2019-06_game_0021787,ultrabullet,38,371.1233,419.8969,0.405307,0.562776,0.245249,0.333016,0.17607,0.279398
2019-02_game_0008522,ultrabullet,91,176.4659,180.8499,0.687686,0.520027,0.473878,0.349326,0.84334,0.650191
2019-05_game_0016004,ultrabullet,58,253.6426,529.8278,0.667619,0.656508,0.244313,0.901353,0.265472,0.525707
2019-03_game_0010952,ultrabullet,90,617.9591,602.5895,0.82897,0.369095,0.181967,0.579336,0.483109,0.486418
2019-02_game_0015945,ultrabullet,56,212.1037,231.6195,0.406864,0.885425,0.24618,0.541989,0.563941,0.917229
2019-05_game_0013352,ultrabullet,75,315.2846,285.0922,0.798665,0.545138,0.286353,0.302245,0.498092,0.472903
2019-02_game_0011101,ultrabullet,78,63.0841,67.8132,0.337918,0.762119,0.2728,0.355687,0.527291,0.654072
2019-02_game_0022434,ultrabullet,78,163.3354,386.6888,0.595153,0.409393,0.417107,0.300073,0.447531,0.499405
2019-02_game_0015566,ultrabullet,32,347.3316,529.1932,0.339019,0.772051,0.109358,0.937256,0.040063,0.324622
2019-02_game_0023680,ultrabullet,36,346.3894,292.0179,0.59246,0.422186,0.137662,0.726259,0.461366,0.504038
2019-05_game_0023036,ultrabullet,40,625.8501,339.4557,0.541729,0.645073,0.191792,0.828041,0.333295,0.636356
2023-05_game_0024438,ultrabullet,47,85.0013,88.3876,0.729976,0.483569,0.784506,0.179685,0.733182,0.395528
2019-05_game_0022645,ultrabullet,60,139.9034,187.5217,0.740582,0.302627,0.22931,0.323899,0.499723,0.81415
2023-05_game_0018602,ultrabullet,24,514.6695,521.6832,0.249187,0.217548,0.073748,0.423982,0.105936,0.093258
2019-05_game_0024600,ultrabullet,46,601.4495,362.7396,0.502717,0.475802,0.192413,0.35774,0.194919,0.357075
2023-05_game_0001981,ultrabullet,86,64.1182,73.0182,0.678768,0.325706,0.405936,0.255421,0.590677,0.641747
2019-02_game_0008081,ultrabullet,70,356.1726,193.8065,0.778671,0.348374,0.396333,0.319314,0.857645,0.730778
2019-03_game_0009164,ultrabullet,45,352.3685,195.7234,0.674944,0.565527,0.847167,0.185855,0.248539,0.242018
2019-04_game_0019944,ultrabullet,38,260.2831,364.3633,0.585209,0.637516,0.451723,0.409509,0.525663,0.820019
2019-06_game_0003704,ultrabullet,51,348.6367,316.8572,0.814466,0.615455,0.832408,0.194374,0.832679,0.329081
2019-03_game_0004745,ultrabullet,59,419.9933,404.9287,0.875673,0.375996,0.597209,0.27869,0.715416,0.578191
2019-02_game_0001089,ultrabullet,65,330.7416,338.535,0.694326,0.488243,0.24432,0.565499,0.749644,0.454298
2019-05_game_0023357,ultrabullet,56,191.0063,239.8914,0.670297,0.303878,0.292732,0.280743,0.393425,0.557254
2019-01_game_0017545,ultrabullet,28,294.5789,303.8442,0.387541,0.493961,0.100108,0.638614,0.070623,0.179721
2019-02_game_0017339,ultrabullet,74,491.532,276.0946,0.431196,0.728275,0.219672,0.895823,0.363279,0.796145
2019-03_game_0008774,ultrabullet,43,428.2677,493.6478,0.335855,0.493721,0.323006,0.241632,0.395466,0.421107
2023-05_game_0017814,ultrabullet,77,400.5917,398.9839,0.632012,0.509356,0.31296,0.483709,0.632286,0.529392
2023-05_game_0002840,ultrabullet,71,107.6861,117.8228,0.390892,0.813562,0.408831,0.306431,0.772937,0.71011
2019-04_game_0020906,ultrabullet,54,231.8939,262.3236,0.409185,0.73825,0.299588,0.241303,0.353817,0.789104
2019-04_game_0029978,ultrabullet,83,139.1419,271.0636,0.693476,0.553818,0.613411,0.244967,0.766413,0.594935
2019-01_game_0001922,ultrabullet,48,326.9748,433.4583,0.344368,0.685033,0.230563,0.85133,0.289773,0.183578
2019-03_game_0026868,ultrabullet,46,243.245,228.6248,0.715455,0.498272,0.179145,0.295682,0.381151,0.637288
2019-02_game_0017809,ultrabullet,36,307.7791,374.8104,0.642748,0.649552,0.185664,0.898031,0.202625,0.302041
2019-02_game_0012633,ultrabullet,86,200.2576,80.6753,0.677117,0.713296,0.296719,0.545311,0.610386,0.625149
2019-05_game_0005198,ultrabullet,49,333.1116,175.6659,0.496302,0.324084,0.627243,0.316879,0.621733,0.353622
2019-03_game_0004787,ultrabullet,40,289.4651,238.4634,0.723455,0.522308,0.195949,0.26301,0.36608,0.619407
2019-05_game_0012926,ultrabullet,47,119.9813,116.0839,0.418408,0.810076,0.389328,0.274752,0.536034,0.343364
2019-06_game_0018582,ultrabullet,59,555.2964,234.4923,0.840009,0.473055,0.478779,0.252541,0.83711,0.486839
2019-05_game_0010184,ultrabullet,85,225.3496,322.6323,0.721779,0.489655,0.570115,0.224469,0.689218,0.720759
2019-05_game_0023590,ultrabullet,43,465.9655,463.0927,0.54092,0.66128,0.240966,0.240255,0.815694,0.29586
2023-05_game_0025403,ultrabullet,62,195.1314,155.6146,0.383754,0.737682,0.477814,0.285056,0.684665,0.667401
2019-01_game_0029870,ultrabullet,69,319.6067,150.0934,0.575531,0.447916,0.192134,0.492083,0.631934,0.561408
2019-02_game_0026021,ultrabullet,68,542.851,463.8703,0.407917,0.491801,0.323478,0.569427,0.456381,0.595731
2019-03_game_0021881,ultrabullet,90,179.6275,466.496,0.689688,0.425178,0.43382,0.534482,0.454242,0.483947
2019-03_game_0014177,ultrabullet,73,654.8314,380.403,0.676901,0.347078,0.317961,0.317743,0.865631,0.635206
2019-04_game_0014267,ultrabullet,28,361.8013,481.8223,0.395457,0.346616,0.204078,0.541955,0.336744,0.202331
2019-02_game_0021215,ultrabullet,80,293.5022,311.9513,0.457047,0.841147,0.381883,0.564709,0.507156,0.487819
2019-01_game_0001451,ultrabullet,71,486.2069,239.6901,0.710036,0.653783,0.483865,0.327206,0.860712,0.732425
2019-03_game_0019358,ultrabullet,37,183.2127,236.1593,0.601066,0.505389,0.298675,0.178794,0.673339,0.180903
2019-02_game_0009937,ultrabullet,40,139.6797,325.4784,0.505337,0.788812,0.737689,0.301688,0.382033,0.83095
2019-06_game_0026408,ultrabullet,21,333.0925,274.1363,0.122571,0.076249,0.037973,0.023234,0.051158,0.038537
2023-05_game_0009049,ultrabullet,46,213.1322,230.8761,0.375231,0.706255,0.251237,0.158733,0.485583,0.704593
2019-06_game_0009541,ultrabullet,50,217.5734,279.7899,0.407922,0.769055,0.178088,0.823424,0.465941,0.948547
2019-04_game_0015844,ultrabullet,60,452.5766,447.1017,0.411873,0.783128,0.409975,0.521453,0.538437,0.577396
2019-01_game_0016197,ultrabullet,55,314.9123,531.3941,0.526993,0.450634,0.432401,0.407425,0.755845,0.743805
2019-04_game_0018017,ultrabullet,25,156.7748,254.9058,0.46388,0.285589,0.531912,0.103426,0.093017,0.174642
2019-03_game_0006160,ultrabullet,71,303.7587,306.6991,0.446828,0.693846,0.39494,0.241916,0.714081,0.617322
2019-05_game_0000572,ultrabullet,29,632.1065,459.1729,0.359763,0.316644,0.504573,0.080004,0.595367,0.599942
2019-05_game_0015565,ultrabullet,72,324.1292,325.7551,0.792819,0.579761,0.337357,0.43009,0.582039,0.725124
2023-05_game_0011984,ultrabullet,100,156.1854,193.4475,0.669198,0.609641,0.585812,0.450493,0.711047,0.642679
2019-04_game_0019314,ultrabullet,46,547.8467,517.4948,0.392124,0.498438,0.220262,0.147907,0.304317,0.795024
2019-05_game_0019774,ultrabullet,44,271.8566,320.8886,0.75593,0.504182,0.191243,0.826385,0.354012,0.394412
2019-03_game_0001381,ultrabullet,86,97.4806,105.6045,0.757707,0.823805,0.43735,0.277952,0.549858,0.605183
2019-01_game_0029514,ultrabullet,80,168.1631,195.8929,0.835557,0.508988,0.28816,0.328746,0.530125,0.75067
2019-03_game_0015132,ultrabullet,68,309.3213,332.0717,0.593454,0.41079,0.321601,0.714933,0.606325,0.653233
2023-05_game_0025377,ultrabullet,80,173.4963,161.8762,0.552554,0.491924,0.371771,0.396521,0.470585,0.435683
2019-03_game_0018500,ultrabullet,89,331.0945,394.373,0.500686,0.655264,0.288286,0.563133,0.402219,0.34059
2019-02_game_0006474,ultrabullet,100,310.0875,259.0499,0.666928,0.554979,0.464538,0.448913,0.503397,0.546671
2023-05_game_0022498,ultrabullet,47,187.4079,196.9308,0.39681,0.737906,0.235841,0.325125,0.628637,0.430893
2019-05_game_0012096,ultrabullet,43,385.0081,317.5613,0.636375,0.550231,0.194681,0.284212,0.479982,0.494757
2023-05_game_0005076,ultrabullet,100,285.7218,233.3194,0.44479,0.584984,0.35055,0.763826,0.672087,0.778743
2019-02_game_0018039,ultrabullet,90,79.4576,111.5108,0.551932,0.433872,0.340964,0.443323,0.529221,0.461947
2019-01_game_0005644,ultrabullet,40,530.52,333.0234,0.300397,0.733452,0.176337,0.199112,0.397738,0.803508
2019-05_game_0015748,ultrabullet,47,202.835,164.9837,0.719533,0.398114,0.850637,0.173796,0.738022,0.389093
2019-01_game_0027662,ultrabullet,56,213.8892,277.6087,0.732249,0.665952,0.316702,0.398492,0.457253,0.802288
2019-05_game_0021746,ultrabullet,97,217.2086,213.9999,0.465563,0.557195,0.593967,0.294034,0.577473,0.526367
2019-05_game_0027899,ultrabullet,72,338.6348,313.0276,0.356161,0.616482,0.310622,0.385909,0.778317,0.929761
2019-03_game_0025037,ultrabullet,54,462.8103,473.5493,0.764458,0.443324,0.222152,0.829584,0.384726,0.603021
2019-02_game_0013141,ultrabullet,41,248.5663,193.0637,0.713757,0.565639,0.206905,0.21133,0.553995,0.309353
2019-05_game_0003306,ultrabullet,100,264.4127,275.0542,0.49948,0.692564,0.4823,0.554335,0.68157,0.739119
2019-01_game_0009880,ultrabullet,71,179.421,348.3205,0.33967,0.652348,0.516418,0.230373,0.803306,0.354116
2023-05_game_0026230,ultrabullet,50,256.0037,155.2091,0.862854,0.388786,0.252065,0.645739,0.44912,0.495175
2019-01_game_0017149,ultrabullet,53,314.8768,232.7149,0.665469,0.537232,0.269842,0.231645,0.670565,0.385875
2019-05_game_0029200,ultrabullet,56,600.8959,361.008,0.350671,0.646683,0.794297,0.216646,0.345165,0.74343
2019-05_game_0010805,ultrabullet,63,505.2202,370.8776,0.63891,0.416234,0.859154,0.352835,0.684248,0.537111
2023-05_game_0005146,ultrabullet,34,401.5504,259.6138,0.610111,0.351221,0.14516,0.185501,0.034752,0.084324
2019-06_game_0015317,ultrabullet,76,220.3526,152.8659,0.370753,0.768721,0.245817,0.249453,0.723585,0.736376
2019-06_game_0026584,ultrabullet,24,394.3909,508.1929,0.228271,0.27964,0.099172,0.084166,0.359557,0.345863
2019-02_game_0009242,ultrabullet,69,292.4893,158.3578,0.578244,0.513033,0.184904,0.554486,0.522767,0.442976
2019-01_game_0004436,ultrabullet,79,240.1375,241.8102,0.876489,0.762407,0.466147,0.3391,0.827788,0.696166
2019-02_game_0019598,ultrabullet,26,516.1025,583.8468,0.178079,0.166798,0.07689,0.085263,0.190643,0.176746
2019-03_game_0027615,ultrabullet,23,844.137,617.6315,0.333044,0.404134,0.445853,0.056486,0.09832,0.100046
2019-06_game_0009826,ultrabullet,27,289.9876,435.4077,0.508908,0.426442,0.121613,0.094172,0.065662,0.067802
2019-03_game_0012866,ultrabullet,66,96.1035,61.6737,0.430069,0.824137,0.280263,0.435733,0.659231,0.789781
2019-01_game_0013267,ultrabullet,84,264.4041,389.2769,0.303032,0.502665,0.493371,0.481425,0.334152,0.321572
2019-03_game_0018047,ultrabullet,48,390.9532,651.5973,0.448454,0.561856,0.218033,0.225881,0.270904,0.388117
2019-05_game_0000622,ultrabullet,49,365.3127,310.3148,0.741798,0.404409,0.312777,0.229391,0.885202,0.411533
2019-03_game_0016111,ultrabullet,35,224.1137,205.0165,0.553198,0.447994,0.691445,0.112082,0.300201,0.39934
2019-06_game_0005863,ultrabullet,45,381.3648,397.0803,0.348828,0.701749,0.30243,0.256326,0.331063,0.53663
2019-03_game_0006438,ultrabullet,46,214.2609,218.0067,0.294685,0.243775,0.207102,0.218187,0.477183,0.910179
2019-01_game_0007391,ultrabullet,73,184.3611,174.6781,0.530226,0.654337,0.482779,0.184116,0.62178,0.602703
2019-05_game_0025280,ultrabullet,73,346.8873,154.0808,0.593992,0.474399,0.685083,0.286636,0.521976,0.487597
2019-06_game_0015564,ultrabullet,40,677.5696,329.7872,0.325317,0.642981,0.181326,0.698838,0.106155,0.124844
2019-03_game_0023534,ultrabullet,32,591.124,585.8286,0.62291,0.3651,0.161849,0.254972,0.556294,0.57301
2019-04_game_0011377,ultrabullet,48,190.2295,191.7023,0.335254,0.679483,0.236849,0.764017,0.544191,0.780547
2019-05_game_0018308,ultrabullet,20,296.2484,329.5832,0.08038,0.087413,0.050546,0.233486,0.186594,0.145451
2019-02_game_0013376,ultrabullet,55,426.5324,496.3236,0.505077,0.390722,0.146532,0.271973,0.558514,0.357211
2019-04_game_0022365,ultrabullet,26,260.3707,376.0887,0.352832,0.526884,0.092107,0.309628,0.022653,0.040745
2019-01_game_0016348,ultrabullet,43,330.1968,155.2744,0.513369,0.254129,0.794888,0.155261,0.830857,0.473877
2019-01_game_0002709,ultrabullet,55,480.202,251.124,0.761488,0.363563,0.241572,0.413781,0.708339,0.387525
2019-05_game_0013510,ultrabullet,23,636.2894,275.7717,0.308674,0.259106,0.523043,0.064999,0.737334,0.416435
2019-05_game_0009860,ultrabullet,50,369.5847,337.1268,0.642242,0.490952,0.201234,0.480531,0.364579,0.484588
2019-05_game_0026870,ultrabullet,38,178.7653,261.0163,0.585304,0.46693,0.240248,0.837622,0.453463,0.258688
2019-03_game_0000466,ultrabullet,60,238.6267,241.8648,0.715875,0.533169,0.273319,0.292228,0.390568,0.685797
2019-01_game_0003739,ultrabullet,72,385.4552,194.9685,0.821329,0.599844,0.417873,0.315807,0.713612,0.722734
2019-01_game_0013451,ultrabullet,43,654.7526,390.6268,0.326107,0.722951,0.357273,0.28185,0.385594,0.344734
2019-06_game_0027199,ultrabullet,76,83.575,98.7246,0.836606,0.460001,0.324013,0.381204,0.433157,0.529225
2019-03_game_0001090,ultrabullet,44,378.6876,484.6408,0.676092,0.399224,0.204238,0.423749,0.503791,0.519046
2019-03_game_0025862,ultrabullet,58,599.309,441.691,0.278227,0.706053,0.295289,0.854717,0.361757,0.537118
2023-05_game_0021319,ultrabullet,49,307.9827,177.2421,0.637866,0.557017,0.411341,0.203491,0.106261,0.108986
2019-06_game_0026262,ultrabullet,20,408.7673,392.3602,0.112259,0.085125,0.048221,0.51956,0.048011,0.040223
2019-05_game_0026376,ultrabullet,100,272.1978,289.989,0.515849,0.691221,0.441014,0.573684,0.524549,0.447503
2023-05_game_0003863,ultrabullet,51,294.4933,275.2305,0.376627,0.710624,0.3421,0.295407,0.828644,0.426601
2019-06_game_0022788,ultrabullet,70,264.0992,259.5924,0.615268,0.811338,0.304654,0.933616,0.734514,0.786352
2019-01_game_0021882,ultrabullet,81,136.6467,129.4569,0.608614,0.572183,0.285107,0.391106,0.73879,0.507489
2019-02_game_0007721,ultrabullet,25,436.2295,436.8142,0.392367,0.451241,0.68196,0.139787,0.399285,0.098211
2023-05_game_0012236,ultrabullet,32,263.7403,282.5732,0.375731,0.556449,0.131179,0.883917,0.166596,0.112806
2019-03_game_0004046,ultrabullet,41,710.5546,1015.5674,0.305804,0.647401,0.734501,0.173382,0.575605,0.307164
2019-03_game_0009543,ultrabullet,63,508.2992,376.115,0.740879,0.41871,0.890156,0.225117,0.702836,0.451483
2019-02_game_0002569,ultrabullet,23,236.8688,240.0384,0.252108,0.1889,0.268893,0.061545,0.11619,0.115502
2023-05_game_0001772,ultrabullet,57,250.0374,352.2365,0.323851,0.581471,0.463755,0.273549,0.408027,0.325313
2019-06_game_0001084,ultrabullet,21,386.9015,730.6158,0.105476,0.052849,0.048412,0.051264,0.023627,0.038578
2019-02_game_0028472,ultrabullet,46,280.909,252.139,0.358289,0.698588,0.287007,0.781711,0.352246,0.627115
2019-05_game_0013216,ultrabullet,56,292.258,172.9079,0.658039,0.878567,0.263604,0.489942,0.512133,0.82138
2019-06_game_0021871,ultrabullet,59,278.9361,434.1529,0.662158,0.423111,0.330824,0.359665,0.823126,0.32816
2019-04_game_0026128,ultrabullet,95,306.6813,325.5182,0.723246,0.498269,0.319237,0.549499,0.389895,0.453571
2019-05_game_0029577,ultrabullet,54,697.4635,762.9782,0.329966,0.68099,0.439364,0.092094,0.191167,0.173529
2019-03_game_0022141,ultrabullet,29,596.0691,684.4381,0.333737,0.256717,0.173815,0.201052,0.331692,0.194322
2019-03_game_0000610,ultrabullet,49,168.9221,163.6587,0.680188,0.329571,0.477172,0.466253,0.724155,0.52126
2019-03_game_0010228,ultrabullet,27,333.1956,316.3352,0.310816,0.445618,0.625028,0.109807,0.766515,0.344903
2019-03_game_0020944,ultrabullet,58,254.7968,393.9791,0.673519,0.471662,0.359531,0.305656,0.283996,0.77569
2019-02_game_0006016,ultrabullet,49,343.2143,418.7996,0.762078,0.405767,0.354977,0.304504,0.554074,0.501073
2019-04_game_0029915,ultrabullet,83,453.3943,364.769,0.658021,0.723258,0.336533,0.492611,0.651037,0.724811
2019-03_game_0005319,ultrabullet,52,359.7521,432.0451,0.718295,0.461786,0.287273,0.470795,0.763952,0.801679
2019-01_game_0027338,ultrabullet,50,213.5398,174.5647,0.582968,0.664207,0.232481,0.684684,0.248326,0.645175
2019-05_game_0013820,ultrabullet,48,675.0615,435.756,0.417514,0.391289,0.2612,0.518866,0.396541,0.887679
2023-05_game_0025661,ultrabullet,44,339.4925,334.2203,0.570799,0.701836,0.285861,0.614589,0.232534,0.081114
2019-02_game_0016910,ultrabullet,51,255.9358,274.8451,0.402882,0.670579,0.515046,0.165223,0.5236,0.376739
2019-04_game_0002904,ultrabullet,52,500.8869,438.5083,0.346999,0.738464,0.372504,0.326318,0.335996,0.62367
2019-02_game_0028787,ultrabullet,72,245.9199,245.8379,0.81529,0.814543,0.207387,0.659044,0.421053,0.782754
2019-04_game_0002782,ultrabullet,53,241.4234,132.1364,0.760132,0.325418,0.908224,0.171481,0.757897,0.573899
2019-03_game_0010782,ultrabullet,80,585.416,485.1923,0.392056,0.767142,0.471672,0.200604,0.728545,0.785577
2019-01_game_0012960,ultrabullet,55,355.2457,349.7449,0.691802,0.56575,0.286176,0.243183,0.443782,0.392173
2019-06_game_0006836,ultrabullet,23,305.3035,287.8549,0.370654,0.227931,0.347516,0.085159,0.294525,0.124728
2019-06_game_0024191,ultrabullet,40,354.2855,329.1818,0.30733,0.525353,0.285848,0.810073,0.531517,0.839769
2019-04_game_0000452,ultrabullet,51,246.6542,212.7312,0.470493,0.370465,0.673905,0.291246,0.563648,0.248755
2023-05_game_0027860,ultrabullet,49,230.9851,427.1384,0.789899,0.312505,0.804363,0.23479,0.682617,0.542673
2019-02_game_0004790,ultrabullet,53,531.6624,445.2418,0.471096,0.538404,0.275144,0.29129,0.593293,0.331766
2019-03_game_0006494,ultrabullet,88,534.5912,192.4551,0.463504,0.544232,0.474918,0.712475,0.60293,0.73143
2019-04_game_0002561,ultrabullet,64,222.391,234.5964,0.592883,0.375955,0.383336,0.299297,0.658395,0.598173
2023-05_game_0006198,ultrabullet,21,559.5006,763.9191,0.160815,0.08216,0.283806,0.047155,0.028922,0.020004
